name,areaName,latitude,longitude,level
고양시,경기 고양시,37.665065,126.835776,0
부천시,경기 부천시,37.504254,126.788682,0
성남시,경기 성남시,37.407376,127.116154,0
수원시,경기 수원시,37.280401,127.007654,0
안산시,경기 안산시,37.292608,126.754605,0
안양시,경기 안양시,37.402579,126.927720,0
용인시,경기 용인시,37.221561,127.221910,0
화성시,경기 화성시,37.166049,126.872547,0
창원시,경남 창원시,35.200182,128.599329,0
포항시,경북 포항시,36.093148,129.305484,0
전주시,전북 전주시,35.828205,127.115965,0
천안시,충남 천안시,36.804201,127.202484,0
청주시,충북 청주시,36.627333,127.498810,0
강릉시,강원 강릉시,37.709521,128.832094,1
고성군,강원 고성군,38.376549,128.400686,1
동해시,강원 동해시,37.507191,129.056039,1
삼척시,강원 삼척시,37.277564,129.122039,1
속초시,강원 속초시,38.176358,128.520139,1
양구군,강원 양구군,38.180733,127.999170,1
양양군,강원 양양군,38.004841,128.595877,1
영월군,강원 영월군,37.203615,128.501317,1
원주시,강원 원주시,37.308389,127.931116,1
인제군,강원 인제군,38.068074,128.262747,1
정선군,강원 정선군,37.378685,128.739222,1
철원군,강원 철원군,38.234180,127.356535,1
춘천시,강원 춘천시,37.890141,127.740091,1
태백시,강원 태백시,37.172774,128.980195,1
평창군,강원 평창군,37.556600,128.482607,1
홍천군,강원 홍천군,37.744890,128.074120,1
화천군,강원 화천군,38.161023,127.687603,1
횡성군,강원 횡성군,37.509777,128.077363,1
가평군,경기 가평군,37.818723,127.450268,1
고양시 덕양구,경기 고양시 덕양구,37.656020,126.878756,1
고양시 일산동구,경기 고양시 일산동구,37.679422,126.797542,1
고양시 일산서구,경기 고양시 일산서구,37.679106,126.727344,1
과천시,경기 과천시,37.433600,127.003295,1
광명시,경기 광명시,37.445428,126.864768,1
광주시,경기 광주시,37.402994,127.301125,1
구리시,경기 구리시,37.599734,127.131301,1
군포시,경기 군포시,37.343158,126.921347,1
김포시,경기 김포시,37.678398,126.624850,1
남양주시,경기 남양주시,37.663060,127.243220,1
동두천시,경기 동두천시,37.916544,127.077944,1
부천시 소사구,경기 부천시 소사구,37.474894,126.797021,1
부천시 오정구,경기 부천시 오정구,37.527620,126.793466,1
부천시 원미구,경기 부천시 원미구,37.499773,126.778855,1
성남시 분당구,경기 성남시 분당구,37.379322,127.105981,1
성남시 수정구,경기 성남시 수정구,37.435425,127.104229,1
성남시 중원구,경기 성남시 중원구,37.433278,127.163890,1
수원시 권선구,경기 수원시 권선구,37.260725,126.979467,1
수원시 영통구,경기 수원시 영통구,37.274926,127.056714,1
수원시 장안구,경기 수원시 장안구,37.313968,127.003466,1
수원시 팔달구,경기 수원시 팔달구,37.277488,127.016463,1
시흥시,경기 시흥시,37.386344,126.783795,1
안산시 단원구,경기 안산시 단원구,37.279679,126.688167,1
안산시 상록구,경기 안산시 상록구,37.315182,126.870604,1
안성시,경기 안성시,37.034903,127.303064,1
안양시 동안구,경기 안양시 동안구,37.400417,126.955580,1
안양시 만안구,경기 안양시 만안구,37.403851,126.911334,1
양주시,경기 양주시,37.808762,127.001196,1
양평군,경기 양평군,37.518199,127.578667,1
여주시,경기 여주시,37.302517,127.615685,1
연천군,경기 연천군,38.098301,127.024936,1
오산시,경기 오산시,37.163256,127.051335,1
용인시 기흥구,경기 용인시 기흥구,37.267293,127.121424,1
용인시 수지구,경기 용인시 수지구,37.333309,127.071742,1
용인시 처인구,경기 용인시 처인구,37.203451,127.253071,1
의왕시,경기 의왕시,37.362488,126.989658,1
의정부시,경기 의정부시,37.736217,127.068161,1
이천시,경기 이천시,37.209952,127.481072,1
파주시,경기 파주시,37.855754,126.809833,1
평택시,경기 평택시,37.015708,126.994939,1
포천시,경기 포천시,37.970116,127.250503,1
하남시,경기 하남시,37.522699,127.206238,1
화성시 동탄구,경기 화성시 동탄구,37.188704,127.108313,1
화성시 만세구,경기 화성시 만세구,37.146148,126.817376,1
화성시 병점구,경기 화성시 병점구,37.213962,127.026226,1
화성시 효행구,경기 화성시 효행구,37.210785,126.930321,1
거제시,경남 거제시,34.870324,128.623642,1
거창군,경남 거창군,35.732573,127.904162,1
고성군,경남 고성군,35.015483,128.291104,1
김해시,경남 김해시,35.271949,128.845356,1
남해군,경남 남해군,34.818422,127.942231,1
밀양시,경남 밀양시,35.498074,128.789348,1
사천시,경남 사천시,35.048732,128.037386,1
산청군,경남 산청군,35.368571,127.884360,1
양산시,경남 양산시,35.402031,129.041271,1
의령군,경남 의령군,35.392297,128.277377,1
진주시,경남 진주시,35.205140,128.129809,1
창녕군,경남 창녕군,35.508552,128.492867,1
창원시 마산합포구,경남 창원시 마산합포구,35.133686,128.489135,1
창원시 마산회원구,경남 창원시 마산회원구,35.232455,128.536676,1
창원시 성산구,경남 창원시 성산구,35.196557,128.671992,1
창원시 의창구,경남 창원시 의창구,35.309709,128.648742,1
창원시 진해구,경남 창원시 진해구,35.129139,128.736375,1
통영시,경남 통영시,34.825169,128.374741,1
하동군,경남 하동군,35.137399,127.779464,1
함안군,경남 함안군,35.291138,128.431215,1
함양군,경남 함양군,35.551597,127.721912,1
합천군,경남 합천군,35.576555,128.141691,1
경산시,경북 경산시,35.833704,128.809277,1
경주시,경북 경주시,35.826607,129.235846,1
고령군,경북 고령군,35.736343,128.305795,1
구미시,경북 구미시,36.207670,128.355476,1
김천시,경북 김천시,36.060519,128.078091,1
문경시,경북 문경시,36.690554,128.148806,1
봉화군,경북 봉화군,36.934476,128.913010,1
상주시,경북 상주시,36.429497,128.066925,1
성주군,경북 성주군,35.906990,128.234228,1
안동시,경북 안동시,36.580246,128.779982,1
영덕군,경북 영덕군,36.482453,129.317960,1
영양군,경북 영양군,36.697158,129.145138,1
영주시,경북 영주시,36.870457,128.597840,1
영천시,경북 영천시,36.015709,128.942522,1
예천군,경북 예천군,36.654184,128.422597,1
울릉군,경북 울릉군,37.502418,130.863964,1
울진군,경북 울진군,36.904212,129.312974,1
의성군,경북 의성군,36.361968,128.615210,1
청도군,경북 청도군,35.672503,128.785705,1
청송군,경북 청송군,36.357172,129.057391,1
칠곡군,경북 칠곡군,36.015646,128.463021,1
포항시 남구,경북 포항시 남구,35.957926,129.438478,1
포항시 북구,경북 포항시 북구,36.165327,129.234494,1
군위군,대구 군위군,36.170231,128.648490,1
남구,대구 남구,35.835316,128.585392,1
달서구,대구 달서구,35.827525,128.528521,1
달성군,대구 달성군,35.759497,128.498648,1
동구,대구 동구,35.934575,128.685794,1
북구,대구 북구,35.928646,128.577326,1
서구,대구 서구,35.875071,128.549786,1
수성구,대구 수성구,35.834211,128.661325,1
중구,대구 중구,35.866492,128.593467,1
대덕구,대전 대덕구,36.412316,127.440516,1
동구,대전 동구,36.323828,127.475010,1
서구,대전 서구,36.280647,127.345229,1
유성구,대전 유성구,36.376870,127.333032,1
중구,대전 중구,36.280790,127.411287,1
강서구,부산 강서구,35.135804,128.891281,1
금정구,부산 금정구,35.259016,129.091784,1
기장군,부산 기장군,35.297020,129.201583,1
남구,부산 남구,35.126236,129.094088,1
동구,부산 동구,35.129274,129.044685,1
동래구,부산 동래구,35.206300,129.078808,1
부산진구,부산 부산진구,35.165034,129.043154,1
북구,부산 북구,35.230335,129.024161,1
사상구,부산 사상구,35.157949,128.986829,1
사하구,부산 사하구,35.088292,128.971579,1
서구,부산 서구,35.102203,129.014817,1
수영구,부산 수영구,35.161117,129.111708,1
연제구,부산 연제구,35.182383,129.083145,1
영도구,부산 영도구,35.078597,129.065218,1
중구,부산 중구,35.105639,129.031875,1
해운대구,부산 해운대구,35.193659,129.153746,1
강남구,서울 강남구,37.497021,127.062880,1
강동구,서울 강동구,37.550550,127.146678,1
강북구,서울 강북구,37.643580,127.011102,1
강서구,서울 강서구,37.561316,126.822731,1
관악구,서울 관악구,37.466999,126.946001,1
광진구,서울 광진구,37.546522,127.086548,1
구로구,서울 구로구,37.494358,126.856584,1
금천구,서울 금천구,37.460417,126.901236,1
노원구,서울 노원구,37.652079,127.075244,1
도봉구,서울 도봉구,37.669135,127.032402,1
동대문구,서울 동대문구,37.582046,127.055272,1
동작구,서울 동작구,37.498928,126.951412,1
마포구,서울 마포구,37.559397,126.908188,1
서대문구,서울 서대문구,37.577461,126.939020,1
서초구,서울 서초구,37.473417,127.031536,1
성동구,서울 성동구,37.551131,127.041060,1
성북구,서울 성북구,37.605851,127.017907,1
송파구,서울 송파구,37.505117,127.115285,1
양천구,서울 양천구,37.524693,126.855537,1
영등포구,서울 영등포구,37.522324,126.910318,1
용산구,서울 용산구,37.531250,126.980318,1
은평구,서울 은평구,37.619952,126.928922,1
종로구,서울 종로구,37.594313,126.977667,1
중구,서울 중구,37.560048,126.995890,1
중랑구,서울 중랑구,37.597951,127.093047,1
세종시,세종 세종시,36.560800,127.258731,1
남구,울산 남구,35.515582,129.328539,1
동구,울산 동구,35.525205,129.426450,1
북구,울산 북구,35.610383,129.379713,1
울주군,울산 울주군,35.545960,129.187545,1
중구,울산 중구,35.570939,129.309546,1
강화군,인천 강화군,37.709947,126.401586,1
검단구,인천 검단구,37.594802,126.650774,1
계양구,인천 계양구,37.557258,126.734761,1
남동구,인천 남동구,37.430850,126.726752,1
미추홀구,인천 미추홀구,37.452854,126.664912,1
부평구,인천 부평구,37.496688,126.721229,1
서해구,인천 서해구,37.530417,126.652920,1
연수구,인천 연수구,37.390567,126.649920,1
영종구,인천 영종구,37.469052,126.465006,1
옹진군,인천 옹진군,37.520391,125.675359,1
제물포구,인천 제물포구,37.465594,126.623354,1
강진군,전남광주 강진군,34.619784,126.772200,1
고흥군,전남광주 고흥군,34.597216,127.316130,1
곡성군,전남광주 곡성군,35.216658,127.263662,1
광산구,전남광주 광산구,35.165054,126.752861,1
광양시,전남광주 광양시,35.019316,127.656290,1
구례군,전남광주 구례군,35.236970,127.503207,1
나주시,전남광주 나주시,34.988198,126.719685,1
남구,전남광주 남구,35.094103,126.857002,1
담양군,전남광주 담양군,35.291532,126.995385,1
동구,전남광주 동구,35.117469,126.948820,1
목포시,전남광주 목포시,34.803062,126.388698,1
무안군,전남광주 무안군,34.956846,126.422575,1
보성군,전남광주 보성군,34.814538,127.162353,1
북구,전남광주 북구,35.192912,126.926037,1
서구,전남광주 서구,35.135626,126.850714,1
순천시,전남광주 순천시,34.994687,127.389419,1
신안군,전남광주 신안군,34.802899,126.039183,1
여수시,전남광주 여수시,34.695584,127.652386,1
영광군,전남광주 영광군,35.276649,126.445806,1
영암군,전남광주 영암군,34.798914,126.628229,1
완도군,전남광주 완도군,34.294015,126.785348,1
장성군,전남광주 장성군,35.329509,126.768709,1
장흥군,전남광주 장흥군,34.676274,126.921890,1
진도군,전남광주 진도군,34.432850,126.206816,1
함평군,전남광주 함평군,35.112695,126.535124,1
해남군,전남광주 해남군,34.553094,126.514584,1
화순군,전남광주 화순군,35.008343,127.033389,1
고창군,전북 고창군,35.448427,126.615720,1
군산시,전북 군산시,35.953918,126.720180,1
김제시,전북 김제시,35.803732,126.907030,1
남원시,전북 남원시,35.422384,127.441527,1
무주군,전북 무주군,35.939290,127.712898,1
부안군,전북 부안군,35.676575,126.639672,1
순창군,전북 순창군,35.433613,127.089806,1
완주군,전북 완주군,35.918830,127.215254,1
익산시,전북 익산시,36.023222,126.989381,1
임실군,전북 임실군,35.597791,127.236114,1
장수군,전북 장수군,35.657115,127.544125,1
전주시 덕진구,전북 전주시 덕진구,35.858039,127.111856,1
전주시 완산구,전북 전주시 완산구,35.791725,127.120988,1
정읍시,전북 정읍시,35.602970,126.904972,1
진안군,전북 진안군,35.828795,127.430116,1
서귀포시,제주 서귀포시,33.323915,126.581050,1
제주시,제주 제주시,33.443653,126.530031,1
계룡시,충남 계룡시,36.291330,127.234383,1
공주시,충남 공주시,36.479837,127.075282,1
금산군,충남 금산군,36.119288,127.478324,1
논산시,충남 논산시,36.190892,127.157971,1
당진시,충남 당진시,36.904634,126.651493,1
보령시,충남 보령시,36.345819,126.587632,1
부여군,충남 부여군,36.246381,126.857016,1
서산시,충남 서산시,36.790999,126.461745,1
서천군,충남 서천군,36.106457,126.703741,1
아산시,충남 아산시,36.807038,126.980508,1
예산군,충남 예산군,36.670455,126.784133,1
천안시 동남구,충남 천안시 동남구,36.764108,127.220884,1
천안시 서북구,충남 천안시 서북구,36.892724,127.161857,1
청양군,충남 청양군,36.430572,126.853141,1
태안군,충남 태안군,36.697601,126.281768,1
홍성군,충남 홍성군,36.569580,126.622800,1
괴산군,충북 괴산군,36.769521,127.829604,1
단양군,충북 단양군,36.994305,128.387935,1
보은군,충북 보은군,36.490022,127.729480,1
영동군,충북 영동군,36.159531,127.814375,1
옥천군,충북 옥천군,36.320554,127.656672,1
음성군,충북 음성군,36.976010,127.614422,1
제천시,충북 제천시,37.060028,128.140966,1
증평군,충북 증평군,36.786625,127.604535,1
진천군,충북 진천군,36.870822,127.440494,1
청주시 상당구,충북 청주시 상당구,36.592338,127.585054,1
청주시 서원구,충북 청주시 서원구,36.547376,127.438624,1
청주시 청원구,충북 청주시 청원구,36.720497,127.490844,1
청주시 흥덕구,충북 청주시 흥덕구,36.646788,127.369169,1
충주시,충북 충주시,37.015298,127.895668,1
강남동,강원 강릉시 강남동,37.731974,128.916217,3
강동면,강원 강릉시 강동면,37.679649,128.969348,3
경포동,강원 강릉시 경포동,37.789045,128.873209,3
교1동,강원 강릉시 교1동,37.764609,128.882845,3
교2동,강원 강릉시 교2동,37.770939,128.894674,3
구정면,강원 강릉시 구정면,37.698438,128.886391,3
내곡동,강원 강릉시 내곡동,37.737543,128.875435,3
사천면,강원 강릉시 사천면,37.799752,128.806653,3
성덕동,강원 강릉시 성덕동,37.756753,128.932256,3
성산면,강원 강릉시 성산면,37.730432,128.803403,3
송정동,강원 강릉시 송정동,37.776985,128.930147,3
연곡면,강원 강릉시 연곡면,37.828171,128.693925,3
옥계면,강원 강릉시 옥계면,37.592385,128.981311,3
옥천동,강원 강릉시 옥천동,37.758366,128.901508,3
왕산면,강원 강릉시 왕산면,37.602903,128.797335,3
주문진읍,강원 강릉시 주문진읍,37.886760,128.762967,3
중앙동,강원 강릉시 중앙동,37.752710,128.894233,3
초당동,강원 강릉시 초당동,37.790663,128.915070,3
포남1동,강원 강릉시 포남1동,37.765945,128.908809,3
포남2동,강원 강릉시 포남2동,37.778035,128.907412,3
홍제동,강원 강릉시 홍제동,37.751010,128.870505,3
간성읍,강원 고성군 간성읍,38.344351,128.360511,3
거진읍,강원 고성군 거진읍,38.431651,128.377494,3
죽왕면,강원 고성군 죽왕면,38.324924,128.494026,3
토성면,강원 고성군 토성면,38.250391,128.497596,3
현내면,강원 고성군 현내면,38.527112,128.361890,3
동호동,강원 동해시 동호동,37.547827,129.089595,3
망상동,강원 동해시 망상동,37.571174,129.075857,3
묵호동,강원 동해시 묵호동,37.565342,129.112363,3
발한동,강원 동해시 발한동,37.546430,129.107816,3
부곡동,강원 동해시 부곡동,37.536225,129.080645,3
북삼동,강원 동해시 북삼동,37.491041,129.090385,3
북평동,강원 동해시 북평동,37.471612,129.117240,3
삼화동,강원 동해시 삼화동,37.491818,129.017840,3
송정동,강원 동해시 송정동,37.499318,129.126403,3
천곡동,강원 동해시 천곡동,37.523547,129.098646,3
가곡면,강원 삼척시 가곡면,37.124035,129.168695,3
교동,강원 삼척시 교동,37.457956,129.161233,3
근덕면,강원 삼척시 근덕면,37.318980,129.235909,3
남양동,강원 삼척시 남양동,37.410698,129.164459,3
노곡면,강원 삼척시 노곡면,37.293158,129.158991,3
도계읍,강원 삼척시 도계읍,37.230681,129.071549,3
미로면,강원 삼척시 미로면,37.405235,129.067147,3
성내동,강원 삼척시 성내동,37.439133,129.126430,3
신기면,강원 삼척시 신기면,37.330326,129.059116,3
원덕읍,강원 삼척시 원덕읍,37.182821,129.277560,3
정라동,강원 삼척시 정라동,37.439934,129.181217,3
하장면,강원 삼척시 하장면,37.355387,128.928712,3
교동,강원 속초시 교동,38.203641,128.581342,3
금호동,강원 속초시 금호동,38.209203,128.581745,3
노학동,강원 속초시 노학동,38.192140,128.536876,3
대포동,강원 속초시 대포동,38.164725,128.500871,3
동명동,강원 속초시 동명동,38.211282,128.591822,3
영랑동,강원 속초시 영랑동,38.214105,128.560251,3
조양동,강원 속초시 조양동,38.185139,128.580609,3
청호동,강원 속초시 청호동,38.194843,128.595642,3
국토정중앙면,강원 양구군 국토정중앙면,38.082940,128.049787,3
동면,강원 양구군 동면,38.240380,128.053154,3
방산면,강원 양구군 방산면,38.239596,127.927601,3
양구읍,강원 양구군 양구읍,38.113953,127.953243,3
해안면,강원 양구군 해안면,38.286684,128.121242,3
강현면,강원 양양군 강현면,38.129354,128.561246,3
서면,강원 양양군 서면,38.010919,128.524973,3
손양면,강원 양양군 손양면,38.047938,128.652605,3
양양읍,강원 양양군 양양읍,38.091833,128.600817,3
현남면,강원 양양군 현남면,37.939828,128.739521,3
현북면,강원 양양군 현북면,37.950963,128.646970,3
김삿갓면,강원 영월군 김삿갓면,37.103577,128.634881,3
남면,강원 영월군 남면,37.165776,128.383602,3
무릉도원면,강원 영월군 무릉도원면,37.334723,128.222429,3
북면,강원 영월군 북면,37.272055,128.432913,3
산솔면,강원 영월군 산솔면,37.170342,128.693200,3
상동읍,강원 영월군 상동읍,37.116886,128.819695,3
영월읍,강원 영월군 영월읍,37.201787,128.510729,3
주천면,강원 영월군 주천면,37.280135,128.281291,3
한반도면,강원 영월군 한반도면,37.225508,128.341958,3
개운동,강원 원주시 개운동,37.338234,127.956027,3
귀래면,강원 원주시 귀래면,37.195832,127.880875,3
단계동,강원 원주시 단계동,37.352301,127.927614,3
단구동,강원 원주시 단구동,37.324776,127.955326,3
명륜1동,강원 원주시 명륜1동,37.339215,127.946968,3
명륜2동,강원 원주시 명륜2동,37.330751,127.941048,3
무실동,강원 원주시 무실동,37.327969,127.921616,3
문막읍,강원 원주시 문막읍,37.291491,127.816355,3
반곡관설동,강원 원주시 반곡관설동,37.316097,127.988053,3
봉산동,강원 원주시 봉산동,37.356103,127.977864,3
부론면,강원 원주시 부론면,37.205556,127.789153,3
소초면,강원 원주시 소초면,37.407235,128.017704,3
신림면,강원 원주시 신림면,37.250931,128.107024,3
우산동,강원 원주시 우산동,37.378989,127.930356,3
원인동,강원 원주시 원인동,37.344436,127.948522,3
일산동,강원 원주시 일산동,37.348158,127.942932,3
중앙동,강원 원주시 중앙동,37.361700,127.946967,3
지정면,강원 원주시 지정면,37.380773,127.833077,3
태장1동,강원 원주시 태장1동,37.364686,127.963455,3
태장2동,강원 원주시 태장2동,37.389105,127.951232,3
판부면,강원 원주시 판부면,37.282442,127.990830,3
학성동,강원 원주시 학성동,37.354995,127.940313,3
행구동,강원 원주시 행구동,37.342624,128.009762,3
호저면,강원 원주시 호저면,37.429155,127.911010,3
흥업면,강원 원주시 흥업면,37.285904,127.897104,3
기린면,강원 인제군 기린면,37.964102,128.389401,3
남면,강원 인제군 남면,37.975134,128.106738,3
북면,강원 인제군 북면,38.166575,128.315564,3
상남면,강원 인제군 상남면,37.883987,128.266965,3
서화면,강원 인제군 서화면,38.274185,128.220272,3
인제읍,강원 인제군 인제읍,38.066403,128.247894,3
고한읍,강원 정선군 고한읍,37.192297,128.871072,3
남면,강원 정선군 남면,37.280645,128.728823,3
북평면,강원 정선군 북평면,37.478705,128.634608,3
사북읍,강원 정선군 사북읍,37.233336,128.822679,3
신동읍,강원 정선군 신동읍,37.238098,128.647943,3
여량면,강원 정선군 여량면,37.490984,128.730259,3
임계면,강원 정선군 임계면,37.473438,128.873084,3
정선읍,강원 정선군 정선읍,37.380604,128.623151,3
화암면,강원 정선군 화암면,37.329074,128.808053,3
갈말읍,강원 철원군 갈말읍,38.201707,127.329717,3
근남면,강원 철원군 근남면,38.240815,127.512663,3
근북면,강원 철원군 근북면,38.315850,127.402803,3
김화읍,강원 철원군 김화읍,38.266980,127.407124,3
동송읍,강원 철원군 동송읍,38.239518,127.248312,3
서면,강원 철원군 서면,38.177606,127.421617,3
철원읍,강원 철원군 철원읍,38.266196,127.174424,3
강남동,강원 춘천시 강남동,37.857282,127.698542,3
교동,강원 춘천시 교동,37.882542,127.736601,3
근화동,강원 춘천시 근화동,37.888537,127.709032,3
남면,강원 춘천시 남면,37.738619,127.598507,3
남산면,강원 춘천시 남산면,37.779223,127.620569,3
동내면,강원 춘천시 동내면,37.837167,127.784406,3
동면,강원 춘천시 동면,37.888662,127.845054,3
동산면,강원 춘천시 동산면,37.772563,127.782498,3
북산면,강원 춘천시 북산면,37.969360,127.909394,3
사북면,강원 춘천시 사북면,38.010667,127.643446,3
서면,강원 춘천시 서면,37.897571,127.643835,3
석사동,강원 춘천시 석사동,37.858515,127.750473,3
소양동,강원 춘천시 소양동,37.883476,127.726236,3
신동면,강원 춘천시 신동면,37.808888,127.705756,3
신북읍,강원 춘천시 신북읍,37.959881,127.753442,3
신사우동,강원 춘천시 신사우동,37.917495,127.731051,3
약사명동,강원 춘천시 약사명동,37.875376,127.724790,3
조운동,강원 춘천시 조운동,37.878251,127.731547,3
퇴계동,강원 춘천시 퇴계동,37.853585,127.731457,3
효자1동,강원 춘천시 효자1동,37.871489,127.728134,3
효자2동,강원 춘천시 효자2동,37.869018,127.739657,3
효자3동,강원 춘천시 효자3동,37.875697,127.742823,3
후평1동,강원 춘천시 후평1동,37.888122,127.745306,3
후평2동,강원 춘천시 후평2동,37.877046,127.748297,3
후평3동,강원 춘천시 후평3동,37.876154,127.756022,3
구문소동,강원 태백시 구문소동,37.093009,129.043424,3
문곡소도동,강원 태백시 문곡소도동,37.116781,128.935387,3
삼수동,강원 태백시 삼수동,37.249535,128.963940,3
상장동,강원 태백시 상장동,37.155145,128.967551,3
장성동,강원 태백시 장성동,37.095477,128.982622,3
철암동,강원 태백시 철암동,37.125194,129.060204,3
황연동,강원 태백시 황연동,37.166097,129.026893,3
황지동,강원 태백시 황지동,37.170188,128.995689,3
대관령면,강원 평창군 대관령면,37.687746,128.675249,3
대화면,강원 평창군 대화면,37.497650,128.447564,3
미탄면,강원 평창군 미탄면,37.339933,128.518334,3
방림면,강원 평창군 방림면,37.452251,128.325853,3
봉평면,강원 평창군 봉평면,37.612282,128.346728,3
용평면,강원 평창군 용평면,37.630741,128.452397,3
진부면,강원 평창군 진부면,37.632469,128.563207,3
평창읍,강원 평창군 평창읍,37.371110,128.390687,3
남면,강원 홍천군 남면,37.613246,127.785521,3
내면,강원 홍천군 내면,37.794571,128.408147,3
내촌면,강원 홍천군 내촌면,37.812336,128.112797,3
두촌면,강원 홍천군 두촌면,37.871756,128.031612,3
북방면,강원 홍천군 북방면,37.731357,127.813216,3
서면,강원 홍천군 서면,37.667691,127.635518,3
서석면,강원 홍천군 서석면,37.713735,128.211667,3
영귀미면,강원 홍천군 영귀미면,37.663447,127.992908,3
홍천읍,강원 홍천군 홍천읍,37.664362,127.874320,3
화촌면,강원 홍천군 화촌면,37.768502,127.982648,3
간동면,강원 화천군 간동면,38.063449,127.818132,3
사내면,강원 화천군 사내면,38.073583,127.508168,3
상서면,강원 화천군 상서면,38.216622,127.622859,3
하남면,강원 화천군 하남면,38.081753,127.654100,3
화천읍,강원 화천군 화천읍,38.212349,127.774813,3
갑천면,강원 횡성군 갑천면,37.568727,128.089825,3
강림면,강원 횡성군 강림면,37.351071,128.109352,3
공근면,강원 횡성군 공근면,37.569958,127.960126,3
둔내면,강원 횡성군 둔내면,37.523373,128.234953,3
서원면,강원 횡성군 서원면,37.491053,127.847555,3
안흥면,강원 횡성군 안흥면,37.423521,128.182717,3
우천면,강원 횡성군 우천면,37.474563,128.095751,3
청일면,강원 횡성군 청일면,37.607039,128.171879,3
횡성읍,강원 횡성군 횡성읍,37.490975,127.996544,3
가평읍,경기 가평군 가평읍,37.828577,127.487509,3
북면,경기 가평군 북면,37.944291,127.494478,3
상면,경기 가평군 상면,37.790467,127.337922,3
설악면,경기 가평군 설악면,37.653165,127.499652,3
조종면,경기 가평군 조종면,37.867068,127.371808,3
청평면,경기 가평군 청평면,37.729493,127.429452,3
고양동,경기 고양시 덕양구 고양동,37.709432,126.904411,3
관산동,경기 고양시 덕양구 관산동,37.709441,126.863699,3
능곡동,경기 고양시 덕양구 능곡동,37.628592,126.802286,3
대덕동,경기 고양시 덕양구 대덕동,37.589586,126.856203,3
삼송1동,경기 고양시 덕양구 삼송1동,37.662853,126.903640,3
삼송2동,경기 고양시 덕양구 삼송2동,37.651729,126.875363,3
성사1동,경기 고양시 덕양구 성사1동,37.659085,126.845539,3
성사2동,경기 고양시 덕양구 성사2동,37.650621,126.840000,3
원신동,경기 고양시 덕양구 원신동,37.671829,126.864416,3
주교동,경기 고양시 덕양구 주교동,37.661791,126.827767,3
창릉동,경기 고양시 덕양구 창릉동,37.631477,126.892304,3
행신1동,경기 고양시 덕양구 행신1동,37.621407,126.833970,3
행신2동,경기 고양시 덕양구 행신2동,37.608080,126.840603,3
행신3동,경기 고양시 덕양구 행신3동,37.625291,126.839543,3
행신4동,경기 고양시 덕양구 행신4동,37.619877,126.848407,3
행주동,경기 고양시 덕양구 행주동,37.607581,126.818976,3
화전동,경기 고양시 덕양구 화전동,37.603804,126.883923,3
화정1동,경기 고양시 덕양구 화정1동,37.641938,126.832973,3
화정2동,경기 고양시 덕양구 화정2동,37.632325,126.836881,3
효자동,경기 고양시 덕양구 효자동,37.664070,126.957500,3
흥도동,경기 고양시 덕양구 흥도동,37.633371,126.860772,3
고봉동,경기 고양시 일산동구 고봉동,37.706825,126.813871,3
마두1동,경기 고양시 일산동구 마두1동,37.660823,126.783448,3
마두2동,경기 고양시 일산동구 마두2동,37.653458,126.782051,3
백석1동,경기 고양시 일산동구 백석1동,37.647367,126.792331,3
백석2동,경기 고양시 일산동구 백석2동,37.642145,126.784363,3
식사동,경기 고양시 일산동구 식사동,37.678889,126.816027,3
장항1동,경기 고양시 일산동구 장항1동,37.641588,126.762928,3
장항2동,경기 고양시 일산동구 장항2동,37.655710,126.768785,3
정발산동,경기 고양시 일산동구 정발산동,37.670627,126.777994,3
중산1동,경기 고양시 일산동구 중산1동,37.690854,126.782720,3
중산2동,경기 고양시 일산동구 중산2동,37.681161,126.786707,3
풍산동,경기 고양시 일산동구 풍산동,37.662064,126.801368,3
가좌동,경기 고양시 일산서구 가좌동,37.686000,126.697574,3
대화동,경기 고양시 일산서구 대화동,37.675094,126.747574,3
덕이동,경기 고양시 일산서구 덕이동,37.695762,126.743679,3
송포동,경기 고양시 일산서구 송포동,37.665016,126.723045,3
일산1동,경기 고양시 일산서구 일산1동,37.687895,126.768107,3
일산2동,경기 고양시 일산서구 일산2동,37.685457,126.774532,3
일산3동,경기 고양시 일산서구 일산3동,37.679248,126.767745,3
주엽1동,경기 고양시 일산서구 주엽1동,37.669839,126.765697,3
주엽2동,경기 고양시 일산서구 주엽2동,37.672746,126.758232,3
탄현1동,경기 고양시 일산서구 탄현1동,37.694307,126.766293,3
탄현2동,경기 고양시 일산서구 탄현2동,37.700351,126.770597,3
갈현동,경기 과천시 갈현동,37.410665,126.984019,3
과천동,경기 과천시 과천동,37.450550,127.009116,3
문원동,경기 과천시 문원동,37.424862,127.019337,3
별양동,경기 과천시 별양동,37.427405,126.995763,3
부림동,경기 과천시 부림동,37.434894,126.999052,3
원문동,경기 과천시 원문동,37.421415,126.977061,3
중앙동,경기 과천시 중앙동,37.435121,126.979716,3
광명1동,경기 광명시 광명1동,37.487426,126.861772,3
광명2동,경기 광명시 광명2동,37.482755,126.857866,3
광명3동,경기 광명시 광명3동,37.480167,126.856048,3
광명4동,경기 광명시 광명4동,37.477985,126.854366,3
광명5동,경기 광명시 광명5동,37.477035,126.848541,3
광명6동,경기 광명시 광명6동,37.467227,126.838858,3
광명7동,경기 광명시 광명7동,37.465807,126.851393,3
소하1동,경기 광명시 소하1동,37.444655,126.887211,3
소하2동,경기 광명시 소하2동,37.434826,126.876616,3
일직동,경기 광명시 일직동,37.420193,126.882765,3
철산1동,경기 광명시 철산1동,37.489156,126.869073,3
철산2동,경기 광명시 철산2동,37.483484,126.867206,3
철산3동,경기 광명시 철산3동,37.475476,126.871433,3
철산4동,경기 광명시 철산4동,37.472442,126.863356,3
하안1동,경기 광명시 하안1동,37.457415,126.866291,3
하안2동,경기 광명시 하안2동,37.464709,126.874274,3
하안3동,경기 광명시 하안3동,37.460578,126.882851,3
하안4동,경기 광명시 하안4동,37.467179,126.880236,3
학온동,경기 광명시 학온동,37.429505,126.855046,3
경안동,경기 광주시 경안동,37.405838,127.252773,3
곤지암읍,경기 광주시 곤지암읍,37.363791,127.382179,3
광남1동,경기 광주시 광남1동,37.398351,127.205317,3
광남2동,경기 광주시 광남2동,37.383944,127.228120,3
남종면,경기 광주시 남종면,37.502554,127.320189,3
남한산성면,경기 광주시 남한산성면,37.459164,127.234061,3
능평동,경기 광주시 능평동,37.350597,127.167576,3
도척면,경기 광주시 도척면,37.308266,127.315530,3
송정동,경기 광주시 송정동,37.425007,127.262584,3
신현동,경기 광주시 신현동,37.364334,127.161247,3
쌍령동,경기 광주시 쌍령동,37.402475,127.271095,3
오포1동,경기 광주시 오포1동,37.359571,127.212812,3
오포2동,경기 광주시 오포2동,37.368241,127.260769,3
초월읍,경기 광주시 초월읍,37.397050,127.311257,3
탄벌동,경기 광주시 탄벌동,37.431149,127.226944,3
퇴촌면,경기 광주시 퇴촌면,37.454060,127.339964,3
갈매동,경기 구리시 갈매동,37.631392,127.117785,3
교문1동,경기 구리시 교문1동,37.581093,127.118313,3
교문2동,경기 구리시 교문2동,37.586139,127.133796,3
동구동,경기 구리시 동구동,37.624878,127.136753,3
수택1동,경기 구리시 수택1동,37.598113,127.148097,3
수택2동,경기 구리시 수택2동,37.594244,127.143465,3
수택3동,경기 구리시 수택3동,37.581019,127.149290,3
인창동,경기 구리시 인창동,37.608344,127.128461,3
광정동,경기 군포시 광정동,37.367020,126.924934,3
군포1동,경기 군포시 군포1동,37.353627,126.952032,3
군포2동,경기 군포시 군포2동,37.341666,126.938858,3
궁내동,경기 군포시 궁내동,37.363780,126.917345,3
금정동,경기 군포시 금정동,37.365762,126.945492,3
대야동,경기 군포시 대야동,37.334794,126.900019,3
산본1동,경기 군포시 산본1동,37.373159,126.940106,3
산본2동,경기 군포시 산본2동,37.371449,126.931466,3
송부동,경기 군포시 송부동,37.321488,126.928935,3
수리동,경기 군포시 수리동,37.350901,126.917226,3
오금동,경기 군포시 오금동,37.349161,126.929458,3
재궁동,경기 군포시 재궁동,37.358738,126.937474,3
고촌읍,경기 김포시 고촌읍,37.606561,126.763324,3
구래동,경기 김포시 구래동,37.645893,126.628115,3
김포본동,경기 김포시 김포본동,37.634091,126.709816,3
대곶면,경기 김포시 대곶면,37.646258,126.568537,3
마산동,경기 김포시 마산동,37.639352,126.641533,3
사우동,경기 김포시 사우동,37.618961,126.726166,3
양촌읍,경기 김포시 양촌읍,37.640969,126.624108,3
운양동,경기 김포시 운양동,37.657177,126.685636,3
월곶면,경기 김포시 월곶면,37.731644,126.551329,3
장기동,경기 김포시 장기동,37.638452,126.679133,3
장기본동,경기 김포시 장기본동,37.648047,126.663623,3
통진읍,경기 김포시 통진읍,37.696068,126.599531,3
풍무동,경기 김포시 풍무동,37.606216,126.722106,3
하성면,경기 김포시 하성면,37.734456,126.645124,3
금곡동,경기 남양주시 금곡동,37.632176,127.212383,3
다산1동,경기 남양주시 다산1동,37.618729,127.156731,3
다산2동,경기 남양주시 다산2동,37.597403,127.169047,3
별내동,경기 남양주시 별내동,37.666374,127.114408,3
별내면,경기 남양주시 별내면,37.709711,127.126313,3
수동면,경기 남양주시 수동면,37.726251,127.304167,3
양정동,경기 남양주시 양정동,37.611278,127.191493,3
오남읍,경기 남양주시 오남읍,37.693801,127.231457,3
와부읍,경기 남양주시 와부읍,37.594312,127.247006,3
조안면,경기 남양주시 조안면,37.567512,127.298532,3
진건읍,경기 남양주시 진건읍,37.657868,127.185242,3
진접읍,경기 남양주시 진접읍,37.725635,127.192975,3
퇴계원읍,경기 남양주시 퇴계원읍,37.653469,127.143399,3
평내동,경기 남양주시 평내동,37.646446,127.235306,3
호평동,경기 남양주시 호평동,37.663949,127.249486,3
화도읍,경기 남양주시 화도읍,37.652818,127.315561,3
보산동,경기 동두천시 보산동,37.925148,127.088069,3
불현동,경기 동두천시 불현동,37.892447,127.108585,3
상패동,경기 동두천시 상패동,37.909204,127.031728,3
생연1동,경기 동두천시 생연1동,37.909093,127.066686,3
생연2동,경기 동두천시 생연2동,37.900168,127.050789,3
소요동,경기 동두천시 소요동,37.947991,127.056354,3
송내동,경기 동두천시 송내동,37.880909,127.064491,3
중앙동,경기 동두천시 중앙동,37.908374,127.054569,3
괴안동,경기 부천시 소사구 괴안동,37.478775,126.806576,3
범박동,경기 부천시 소사구 범박동,37.469009,126.808788,3
소사본1동,경기 부천시 소사구 소사본1동,37.471455,126.800377,3
소사본동,경기 부천시 소사구 소사본동,37.474421,126.792721,3
송내1동,경기 부천시 소사구 송내1동,37.483693,126.756837,3
송내2동,경기 부천시 소사구 송내2동,37.479773,126.768550,3
심곡본1동,경기 부천시 소사구 심곡본1동,37.478105,126.775831,3
심곡본동,경기 부천시 소사구 심곡본동,37.478434,126.782891,3
역곡3동,경기 부천시 소사구 역곡3동,37.482768,126.815870,3
옥길동,경기 부천시 소사구 옥길동,37.467645,126.822139,3
고강1동,경기 부천시 오정구 고강1동,37.534528,126.810727,3
고강본동,경기 부천시 오정구 고강본동,37.528926,126.820943,3
성곡동,경기 부천시 오정구 성곡동,37.513637,126.808186,3
신흥동,경기 부천시 오정구 신흥동,37.523085,126.771961,3
오정동,경기 부천시 오정구 오정동,37.536612,126.779330,3
원종1동,경기 부천시 오정구 원종1동,37.530417,126.804073,3
원종2동,경기 부천시 오정구 원종2동,37.525473,126.800850,3
도당동,경기 부천시 원미구 도당동,37.513370,126.785446,3
상1동,경기 부천시 원미구 상1동,37.492804,126.751421,3
상2동,경기 부천시 원미구 상2동,37.499051,126.748477,3
상3동,경기 부천시 원미구 상3동,37.510775,126.752059,3
상동,경기 부천시 원미구 상동,37.491338,126.759348,3
소사동,경기 부천시 원미구 소사동,37.485916,126.795140,3
심곡1동,경기 부천시 원미구 심곡1동,37.492327,126.781857,3
심곡2동,경기 부천시 원미구 심곡2동,37.486518,126.784117,3
심곡3동,경기 부천시 원미구 심곡3동,37.489676,126.774667,3
약대동,경기 부천시 원미구 약대동,37.513361,126.769273,3
역곡1동,경기 부천시 원미구 역곡1동,37.492455,126.810191,3
역곡2동,경기 부천시 원미구 역곡2동,37.487609,126.803931,3
원미1동,경기 부천시 원미구 원미1동,37.496271,126.793182,3
원미2동,경기 부천시 원미구 원미2동,37.490759,126.790543,3
중1동,경기 부천시 원미구 중1동,37.500699,126.766137,3
중2동,경기 부천시 원미구 중2동,37.496872,126.776224,3
중3동,경기 부천시 원미구 중3동,37.506822,126.772783,3
중4동,경기 부천시 원미구 중4동,37.508692,126.763259,3
중동,경기 부천시 원미구 중동,37.491083,126.767140,3
춘의동,경기 부천시 원미구 춘의동,37.502457,126.802340,3
구미1동,경기 성남시 분당구 구미1동,37.352404,127.093362,3
구미동,경기 성남시 분당구 구미동,37.342730,127.121665,3
금곡동,경기 성남시 분당구 금곡동,37.362748,127.096305,3
백현동,경기 성남시 분당구 백현동,37.388250,127.110275,3
분당동,경기 성남시 분당구 분당동,37.368463,127.144052,3
삼평동,경기 성남시 분당구 삼평동,37.401533,127.109149,3
서현1동,경기 성남시 분당구 서현1동,37.385311,127.149592,3
서현2동,경기 성남시 분당구 서현2동,37.375192,127.137429,3
수내1동,경기 성남시 분당구 수내1동,37.378973,127.115988,3
수내2동,경기 성남시 분당구 수내2동,37.375182,127.123148,3
수내3동,경기 성남시 분당구 수내3동,37.364862,127.129435,3
야탑1동,경기 성남시 분당구 야탑1동,37.413060,127.126032,3
야탑2동,경기 성남시 분당구 야탑2동,37.407646,127.127492,3
야탑3동,경기 성남시 분당구 야탑3동,37.404273,127.150277,3
운중동,경기 성남시 분당구 운중동,37.381892,127.058653,3
이매1동,경기 성남시 분당구 이매1동,37.394711,127.132705,3
이매2동,경기 성남시 분당구 이매2동,37.398898,127.122190,3
정자1동,경기 성남시 분당구 정자1동,37.369434,127.106324,3
정자2동,경기 성남시 분당구 정자2동,37.366638,127.118484,3
정자3동,경기 성남시 분당구 정자3동,37.357839,127.122563,3
정자동,경기 성남시 분당구 정자동,37.366802,127.111512,3
판교동,경기 성남시 분당구 판교동,37.387077,127.092607,3
고등동,경기 성남시 수정구 고등동,37.429303,127.081124,3
단대동,경기 성남시 수정구 단대동,37.454551,127.157078,3
복정동,경기 성남시 수정구 복정동,37.458788,127.130487,3
산성동,경기 성남시 수정구 산성동,37.456820,127.152666,3
수진1동,경기 성남시 수정구 수진1동,37.438340,127.135810,3
수진2동,경기 성남시 수정구 수진2동,37.436498,127.125634,3
시흥동,경기 성남시 수정구 시흥동,37.412001,127.083482,3
신촌동,경기 성남시 수정구 신촌동,37.450639,127.103992,3
신흥1동,경기 성남시 수정구 신흥1동,37.440824,127.140459,3
신흥2동,경기 성남시 수정구 신흥2동,37.449905,127.147959,3
신흥3동,경기 성남시 수정구 신흥3동,37.442919,127.146461,3
양지동,경기 성남시 수정구 양지동,37.464348,127.166231,3
위례동,경기 성남시 수정구 위례동,37.467990,127.146719,3
태평1동,경기 성남시 수정구 태평1동,37.445546,127.123015,3
태평2동,경기 성남시 수정구 태평2동,37.447566,127.136399,3
태평3동,경기 성남시 수정구 태평3동,37.445571,127.132080,3
태평4동,경기 성남시 수정구 태평4동,37.448377,127.140826,3
금광1동,경기 성남시 중원구 금광1동,37.444289,127.166099,3
금광2동,경기 성남시 중원구 금광2동,37.449391,127.168506,3
도촌동,경기 성남시 중원구 도촌동,37.419187,127.160930,3
상대원1동,경기 성남시 중원구 상대원1동,37.440133,127.180058,3
상대원2동,경기 성남시 중원구 상대원2동,37.435948,127.157662,3
상대원3동,경기 성남시 중원구 상대원3동,37.438991,127.163222,3
성남동,경기 성남시 중원구 성남동,37.431305,127.132857,3
은행1동,경기 성남시 중원구 은행1동,37.452439,127.166852,3
은행2동,경기 성남시 중원구 은행2동,37.461129,127.174575,3
중앙동,경기 성남시 중원구 중앙동,37.439862,127.152144,3
하대원동,경기 성남시 중원구 하대원동,37.427920,127.146083,3
곡선동,경기 수원시 권선구 곡선동,37.236358,127.023614,3
구운동,경기 수원시 권선구 구운동,37.280481,126.969798,3
권선1동,경기 수원시 권선구 권선1동,37.258286,127.027150,3
권선2동,경기 수원시 권선구 권선2동,37.245903,127.024561,3
금곡동,경기 수원시 권선구 금곡동,37.273531,126.943376,3
서둔동,경기 수원시 권선구 서둔동,37.268522,126.981989,3
세류1동,경기 수원시 권선구 세류1동,37.259811,127.005265,3
세류2동,경기 수원시 권선구 세류2동,37.244993,127.007737,3
세류3동,경기 수원시 권선구 세류3동,37.259854,127.015208,3
입북동,경기 수원시 권선구 입북동,37.290472,126.948418,3
평동,경기 수원시 권선구 평동,37.245782,126.979909,3
호매실동,경기 수원시 권선구 호매실동,37.262514,126.952854,3
광교1동,경기 수원시 영통구 광교1동,37.301373,127.047672,3
광교2동,경기 수원시 영통구 광교2동,37.287251,127.072306,3
망포1동,경기 수원시 영통구 망포1동,37.239096,127.058462,3
망포2동,경기 수원시 영통구 망포2동,37.240020,127.047551,3
매탄1동,경기 수원시 영통구 매탄1동,37.271045,127.040446,3
매탄2동,경기 수원시 영통구 매탄2동,37.270566,127.051442,3
매탄3동,경기 수원시 영통구 매탄3동,37.256635,127.049505,3
매탄4동,경기 수원시 영통구 매탄4동,37.266106,127.050024,3
영통1동,경기 수원시 영통구 영통1동,37.261333,127.077590,3
영통2동,경기 수원시 영통구 영통2동,37.247627,127.056273,3
영통3동,경기 수원시 영통구 영통3동,37.251713,127.071734,3
원천동,경기 수원시 영통구 원천동,37.272969,127.057074,3
송죽동,경기 수원시 장안구 송죽동,37.306290,127.004685,3
연무동,경기 수원시 장안구 연무동,37.324622,127.022772,3
영화동,경기 수원시 장안구 영화동,37.291250,127.013619,3
율천동,경기 수원시 장안구 율천동,37.298838,126.971980,3
정자1동,경기 수원시 장안구 정자1동,37.304655,126.989285,3
정자2동,경기 수원시 장안구 정자2동,37.292254,126.998012,3
정자3동,경기 수원시 장안구 정자3동,37.298631,126.984412,3
조원1동,경기 수원시 장안구 조원1동,37.300534,127.016607,3
조원2동,경기 수원시 장안구 조원2동,37.308710,127.013095,3
파장동,경기 수원시 장안구 파장동,37.320522,126.988862,3
고등동,경기 수원시 팔달구 고등동,37.274272,127.003129,3
매교동,경기 수원시 팔달구 매교동,37.268941,127.014943,3
매산동,경기 수원시 팔달구 매산동,37.268845,127.005581,3
우만1동,경기 수원시 팔달구 우만1동,37.287739,127.033647,3
우만2동,경기 수원시 팔달구 우만2동,37.280254,127.038661,3
인계동,경기 수원시 팔달구 인계동,37.268713,127.029815,3
지동,경기 수원시 팔달구 지동,37.280550,127.024928,3
행궁동,경기 수원시 팔달구 행궁동,37.281808,127.016204,3
화서1동,경기 수원시 팔달구 화서1동,37.280270,127.001063,3
화서2동,경기 수원시 팔달구 화서2동,37.284399,126.991179,3
거북섬동,경기 시흥시 거북섬동,37.322077,126.697385,3
과림동,경기 시흥시 과림동,37.432005,126.834405,3
군자동,경기 시흥시 군자동,37.355076,126.780780,3
능곡동,경기 시흥시 능곡동,37.364468,126.809561,3
대야동,경기 시흥시 대야동,37.453465,126.799505,3
매화동,경기 시흥시 매화동,37.405894,126.823826,3
목감동,경기 시흥시 목감동,37.380228,126.852893,3
배곧1동,경기 시흥시 배곧1동,37.376845,126.730569,3
배곧2동,경기 시흥시 배곧2동,37.363258,126.716454,3
신천동,경기 시흥시 신천동,37.438509,126.780073,3
신현동,경기 시흥시 신현동,37.412151,126.773789,3
연성동,경기 시흥시 연성동,37.388356,126.804923,3
월곶동,경기 시흥시 월곶동,37.384014,126.758205,3
은행동,경기 시흥시 은행동,37.432872,126.807742,3
장곡동,경기 시흥시 장곡동,37.382225,126.783484,3
정왕1동,경기 시흥시 정왕1동,37.332811,126.734658,3
정왕2동,경기 시흥시 정왕2동,37.340890,126.721674,3
정왕3동,경기 시흥시 정왕3동,37.345505,126.706348,3
정왕4동,경기 시흥시 정왕4동,37.362553,126.731363,3
정왕본동,경기 시흥시 정왕본동,37.358440,126.752283,3
고잔동,경기 안산시 단원구 고잔동,37.324616,126.825155,3
대부동,경기 안산시 단원구 대부동,37.233765,126.577530,3
백운동,경기 안산시 단원구 백운동,37.323922,126.799541,3
선부1동,경기 안산시 단원구 선부1동,37.332158,126.808165,3
선부2동,경기 안산시 단원구 선부2동,37.344989,126.800808,3
선부3동,경기 안산시 단원구 선부3동,37.351773,126.822463,3
신길동,경기 안산시 단원구 신길동,37.330806,126.769127,3
와동,경기 안산시 단원구 와동,37.339577,126.826765,3
원곡동,경기 안산시 단원구 원곡동,37.331204,126.792921,3
중앙동,경기 안산시 단원구 중앙동,37.325763,126.836009,3
초지동,경기 안산시 단원구 초지동,37.309398,126.772886,3
호수동,경기 안산시 단원구 호수동,37.310450,126.831358,3
반월동,경기 안산시 상록구 반월동,37.303049,126.906352,3
본오1동,경기 안산시 상록구 본오1동,37.284289,126.869989,3
본오2동,경기 안산시 상록구 본오2동,37.294682,126.869696,3
본오3동,경기 안산시 상록구 본오3동,37.300068,126.867430,3
부곡동,경기 안산시 상록구 부곡동,37.334632,126.869325,3
사동,경기 안산시 상록구 사동,37.299271,126.850703,3
사이동,경기 안산시 상록구 사이동,37.284050,126.842161,3
성포동,경기 안산시 상록구 성포동,37.321656,126.848926,3
안산동,경기 안산시 상록구 안산동,37.358339,126.876806,3
월피동,경기 안산시 상록구 월피동,37.344813,126.847699,3
이동,경기 안산시 상록구 이동,37.309428,126.855749,3
일동,경기 안산시 상록구 일동,37.312904,126.870100,3
해양동,경기 안산시 상록구 해양동,37.297202,126.830872,3
고삼면,경기 안성시 고삼면,37.092276,127.271559,3
공도읍,경기 안성시 공도읍,36.994067,127.174099,3
금광면,경기 안성시 금광면,36.981708,127.344626,3
대덕면,경기 안성시 대덕면,37.034580,127.238983,3
미양면,경기 안성시 미양면,36.969399,127.224614,3
보개면,경기 안성시 보개면,37.056088,127.314007,3
삼죽면,경기 안성시 삼죽면,37.068340,127.367073,3
서운면,경기 안성시 서운면,36.936720,127.268130,3
안성1동,경기 안성시 안성1동,37.003506,127.282973,3
안성2동,경기 안성시 안성2동,36.993264,127.265608,3
안성3동,경기 안성시 안성3동,37.027143,127.264171,3
양성면,경기 안성시 양성면,37.081826,127.220234,3
원곡면,경기 안성시 원곡면,37.055993,127.147568,3
일죽면,경기 안성시 일죽면,37.098192,127.469015,3
죽산면,경기 안성시 죽산면,37.048791,127.421876,3
갈산동,경기 안양시 동안구 갈산동,37.377741,126.964878,3
관양동,경기 안양시 동안구 관양동,37.410999,126.964006,3
귀인동,경기 안양시 동안구 귀인동,37.384316,126.967002,3
달안동,경기 안양시 동안구 달안동,37.395983,126.950622,3
범계동,경기 안양시 동안구 범계동,37.387670,126.953887,3
부림동,경기 안양시 동안구 부림동,37.396674,126.957919,3
부흥동,경기 안양시 동안구 부흥동,37.393976,126.945967,3
비산1동,경기 안양시 동안구 비산1동,37.405697,126.934360,3
비산2동,경기 안양시 동안구 비산2동,37.396724,126.939045,3
비산3동,경기 안양시 동안구 비산3동,37.420069,126.951256,3
신촌동,경기 안양시 동안구 신촌동,37.381107,126.957264,3
인덕원동,경기 안양시 동안구 인덕원동,37.399077,126.971514,3
평안동,경기 안양시 동안구 평안동,37.390241,126.963804,3
평촌동,경기 안양시 동안구 평촌동,37.392287,126.975492,3
호계1동,경기 안양시 동안구 호계1동,37.372609,126.953975,3
호계2동,경기 안양시 동안구 호계2동,37.382422,126.947061,3
호계3동,경기 안양시 동안구 호계3동,37.367238,126.960465,3
명학동,경기 안양시 만안구 명학동,37.380326,126.930066,3
박달동,경기 안양시 만안구 박달동,37.404556,126.909199,3
병목안동,경기 안양시 만안구 병목안동,37.377170,126.904470,3
석수1동,경기 안양시 만안구 석수1동,37.430141,126.926071,3
석수2동,경기 안양시 만안구 석수2동,37.419516,126.901886,3
안양1동,경기 안양시 만안구 안양1동,37.399245,126.925102,3
안양2동,경기 안양시 만안구 안양2동,37.411537,126.924141,3
안양3동,경기 안양시 만안구 안양3동,37.397911,126.912635,3
안양4동,경기 안양시 만안구 안양4동,37.396741,126.918658,3
안양5동,경기 안양시 만안구 안양5동,37.392316,126.922250,3
안양6동,경기 안양시 만안구 안양6동,37.385996,126.924933,3
안양7동,경기 안양시 만안구 안양7동,37.389490,126.936601,3
충훈동,경기 안양시 만안구 충훈동,37.408689,126.897949,3
호현동,경기 안양시 만안구 호현동,37.396200,126.888533,3
광적면,경기 양주시 광적면,37.829797,126.953010,3
남면,경기 양주시 남면,37.896218,126.979610,3
백석읍,경기 양주시 백석읍,37.789576,126.977309,3
양주1동,경기 양주시 양주1동,37.785705,127.034470,3
양주2동,경기 양주시 양주2동,37.792575,127.086419,3
옥정1동,경기 양주시 옥정1동,37.836813,127.100932,3
옥정2동,경기 양주시 옥정2동,37.817888,127.088093,3
은현면,경기 양주시 은현면,37.869459,127.023724,3
장흥면,경기 양주시 장흥면,37.717487,126.963851,3
회천1동,경기 양주시 회천1동,37.856879,127.075017,3
회천2동,경기 양주시 회천2동,37.825286,127.047484,3
회천3동,경기 양주시 회천3동,37.825765,127.070655,3
강상면,경기 양평군 강상면,37.461199,127.467427,3
강하면,경기 양평군 강하면,37.468283,127.411419,3
개군면,경기 양평군 개군면,37.440088,127.549204,3
단월면,경기 양평군 단월면,37.582822,127.635766,3
서종면,경기 양평군 서종면,37.609273,127.406409,3
양동면,경기 양평군 양동면,37.442822,127.742157,3
양서면,경기 양평군 양서면,37.541259,127.378771,3
양평읍,경기 양평군 양평읍,37.493408,127.513719,3
옥천면,경기 양평군 옥천면,37.551866,127.486463,3
용문면,경기 양평군 용문면,37.519784,127.588132,3
지평면,경기 양평군 지평면,37.448759,127.651107,3
청운면,경기 양평군 청운면,37.548179,127.752450,3
가남읍,경기 여주시 가남읍,37.209018,127.580694,3
강천면,경기 여주시 강천면,37.288353,127.726261,3
금사면,경기 여주시 금사면,37.396577,127.497822,3
대신면,경기 여주시 대신면,37.377846,127.602378,3
북내면,경기 여주시 북내면,37.356603,127.689256,3
산북면,경기 여주시 산북면,37.409203,127.441985,3
세종대왕면,경기 여주시 세종대왕면,37.294692,127.578156,3
여흥동,경기 여주시 여흥동,37.256182,127.649278,3
오학동,경기 여주시 오학동,37.316870,127.649904,3
점동면,경기 여주시 점동면,37.191392,127.684400,3
중앙동,경기 여주시 중앙동,37.278188,127.618749,3
흥천면,경기 여주시 흥천면,37.345403,127.533157,3
군남면,경기 연천군 군남면,38.074734,127.038018,3
미산면,경기 연천군 미산면,38.035521,126.977538,3
백학면,경기 연천군 백학면,38.031645,126.906690,3
신서면,경기 연천군 신서면,38.200184,127.105695,3
연천읍,경기 연천군 연천읍,38.100435,127.114407,3
왕징면,경기 연천군 왕징면,38.096925,126.942923,3
장남면,경기 연천군 장남면,37.994695,126.849063,3
전곡읍,경기 연천군 전곡읍,37.994134,127.036570,3
중면,경기 연천군 중면,38.166434,127.006374,3
청산면,경기 연천군 청산면,38.011248,127.101626,3
남촌동,경기 오산시 남촌동,37.156570,127.049404,3
대원1동,경기 오산시 대원1동,37.137476,127.072221,3
대원2동,경기 오산시 대원2동,37.139251,127.087415,3
세마동,경기 오산시 세마동,37.184257,127.029611,3
신장1동,경기 오산시 신장1동,37.172430,127.050768,3
신장2동,경기 오산시 신장2동,37.173733,127.065200,3
중앙동,경기 오산시 중앙동,37.154021,127.083628,3
초평동,경기 오산시 초평동,37.142997,127.045372,3
구갈동,경기 용인시 기흥구 구갈동,37.277061,127.123110,3
구성동,경기 용인시 기흥구 구성동,37.295447,127.141045,3
기흥동,경기 용인시 기흥구 기흥동,37.230946,127.114505,3
동백1동,경기 용인시 기흥구 동백1동,37.285937,127.164580,3
동백2동,경기 용인시 기흥구 동백2동,37.266627,127.161616,3
동백3동,경기 용인시 기흥구 동백3동,37.279557,127.147071,3
마북동,경기 용인시 기흥구 마북동,37.306245,127.127569,3
보라동,경기 용인시 기흥구 보라동,37.245125,127.130934,3
보정동,경기 용인시 기흥구 보정동,37.309430,127.107437,3
상갈동,경기 용인시 기흥구 상갈동,37.265640,127.110956,3
상하동,경기 용인시 기흥구 상하동,37.262097,127.143606,3
서농동,경기 용인시 기흥구 서농동,37.234251,127.081092,3
신갈동,경기 용인시 기흥구 신갈동,37.283131,127.102631,3
영덕1동,경기 용인시 기흥구 영덕1동,37.275369,127.081044,3
영덕2동,경기 용인시 기흥구 영덕2동,37.256680,127.092468,3
동천동,경기 용인시 수지구 동천동,37.350253,127.057142,3
상현1동,경기 용인시 수지구 상현1동,37.306875,127.078391,3
상현2동,경기 용인시 수지구 상현2동,37.305335,127.087666,3
상현3동,경기 용인시 수지구 상현3동,37.302010,127.069114,3
성복동,경기 용인시 수지구 성복동,37.319406,127.060486,3
신봉동,경기 용인시 수지구 신봉동,37.332448,127.057588,3
죽전1동,경기 용인시 수지구 죽전1동,37.332934,127.129140,3
죽전2동,경기 용인시 수지구 죽전2동,37.330746,127.107225,3
죽전3동,경기 용인시 수지구 죽전3동,37.324549,127.125464,3
풍덕천1동,경기 용인시 수지구 풍덕천1동,37.328024,127.094507,3
풍덕천2동,경기 용인시 수지구 풍덕천2동,37.319968,127.089950,3
남사읍,경기 용인시 처인구 남사읍,37.132806,127.156648,3
동부동,경기 용인시 처인구 동부동,37.204530,127.250936,3
모현읍,경기 용인시 처인구 모현읍,37.326457,127.218304,3
백암면,경기 용인시 처인구 백암면,37.143964,127.379796,3
삼가동,경기 용인시 처인구 삼가동,37.240127,127.165555,3
양지읍,경기 용인시 처인구 양지읍,37.242062,127.288709,3
역북동,경기 용인시 처인구 역북동,37.241496,127.186464,3
원삼면,경기 용인시 처인구 원삼면,37.163424,127.313502,3
유림1동,경기 용인시 처인구 유림1동,37.258795,127.198476,3
유림2동,경기 용인시 처인구 유림2동,37.248874,127.226620,3
이동읍,경기 용인시 처인구 이동읍,37.164504,127.211226,3
중앙동,경기 용인시 처인구 중앙동,37.225318,127.199852,3
포곡읍,경기 용인시 처인구 포곡읍,37.290611,127.217824,3
고천동,경기 의왕시 고천동,37.343086,126.986320,3
내손1동,경기 의왕시 내손1동,37.376820,126.976762,3
내손2동,경기 의왕시 내손2동,37.386150,126.982515,3
부곡동,경기 의왕시 부곡동,37.319864,126.952823,3
오전동,경기 의왕시 오전동,37.359902,126.984371,3
청계동,경기 의왕시 청계동,37.388835,127.012075,3
가능동,경기 의정부시 가능동,37.752420,127.019927,3
고산동,경기 의정부시 고산동,37.724012,127.104174,3
녹양동,경기 의정부시 녹양동,37.761596,127.029332,3
송산1동,경기 의정부시 송산1동,37.730612,127.080830,3
송산2동,경기 의정부시 송산2동,37.740052,127.094035,3
송산3동,경기 의정부시 송산3동,37.753982,127.116148,3
신곡1동,경기 의정부시 신곡1동,37.731129,127.064470,3
신곡2동,경기 의정부시 신곡2동,37.745320,127.067860,3
의정부1동,경기 의정부시 의정부1동,37.741191,127.049094,3
의정부2동,경기 의정부시 의정부2동,37.735728,127.036717,3
자금동,경기 의정부시 자금동,37.763251,127.086810,3
장암동,경기 의정부시 장암동,37.706927,127.063218,3
호원1동,경기 의정부시 호원1동,37.706587,127.036720,3
호원2동,경기 의정부시 호원2동,37.721232,127.031206,3
흥선동,경기 의정부시 흥선동,37.736982,127.019147,3
관고동,경기 이천시 관고동,37.288221,127.421697,3
대월면,경기 이천시 대월면,37.212851,127.497772,3
마장면,경기 이천시 마장면,37.249767,127.370866,3
모가면,경기 이천시 모가면,37.170855,127.456844,3
백사면,경기 이천시 백사면,37.325642,127.482766,3
부발읍,경기 이천시 부발읍,37.273121,127.506817,3
설성면,경기 이천시 설성면,37.139465,127.523082,3
신둔면,경기 이천시 신둔면,37.313749,127.410575,3
율면,경기 이천시 율면,37.075649,127.547200,3
장호원읍,경기 이천시 장호원읍,37.134524,127.596430,3
중리동,경기 이천시 중리동,37.243377,127.450296,3
증포동,경기 이천시 증포동,37.290038,127.453967,3
창전동,경기 이천시 창전동,37.283497,127.445470,3
호법면,경기 이천시 호법면,37.215383,127.412054,3
광탄면,경기 파주시 광탄면,37.776404,126.882960,3
교하동,경기 파주시 교하동,37.734455,126.709348,3
금촌1동,경기 파주시 금촌1동,37.760819,126.782669,3
금촌2동,경기 파주시 금촌2동,37.751191,126.775752,3
금촌3동,경기 파주시 금촌3동,37.779898,126.748383,3
문산읍,경기 파주시 문산읍,37.874119,126.780534,3
법원읍,경기 파주시 법원읍,37.867436,126.892852,3
운정1동,경기 파주시 운정1동,37.731834,126.758671,3
운정2동,경기 파주시 운정2동,37.726833,126.740142,3
운정3동,경기 파주시 운정3동,37.710832,126.746195,3
운정4동,경기 파주시 운정4동,37.724393,126.776037,3
운정5동,경기 파주시 운정5동,37.729104,126.718924,3
운정6동,경기 파주시 운정6동,37.714766,126.722349,3
월롱면,경기 파주시 월롱면,37.797520,126.789322,3
장단면,경기 파주시 장단면,37.920584,126.741498,3
적성면,경기 파주시 적성면,37.958140,126.929434,3
조리읍,경기 파주시 조리읍,37.750423,126.823075,3
탄현면,경기 파주시 탄현면,37.803484,126.706853,3
파주읍,경기 파주시 파주읍,37.828230,126.815381,3
파평면,경기 파주시 파평면,37.914206,126.850709,3
고덕동,경기 평택시 고덕동,37.042936,127.039333,3
고덕면,경기 평택시 고덕면,37.034827,127.023909,3
동삭동,경기 평택시 동삭동,37.016969,127.098174,3
비전1동,경기 평택시 비전1동,37.015066,127.123898,3
비전2동,경기 평택시 비전2동,36.990633,127.119819,3
서정동,경기 평택시 서정동,37.069584,127.053859,3
서탄면,경기 평택시 서탄면,37.101806,127.021807,3
세교동,경기 평택시 세교동,37.013919,127.073995,3
송북동,경기 평택시 송북동,37.079169,127.077966,3
송탄동,경기 평택시 송탄동,37.046359,127.095617,3
신장1동,경기 평택시 신장1동,37.087673,127.050158,3
신장2동,경기 평택시 신장2동,37.076784,127.050241,3
신평동,경기 평택시 신평동,36.981684,127.106719,3
안중읍,경기 평택시 안중읍,36.990832,126.937125,3
오성면,경기 평택시 오성면,37.004150,126.991951,3
용이동,경기 평택시 용이동,37.001076,127.140272,3
원평동,경기 평택시 원평동,36.994099,127.071151,3
중앙동,경기 평택시 중앙동,37.053775,127.065235,3
지산동,경기 평택시 지산동,37.076480,127.059319,3
진위면,경기 평택시 진위면,37.108009,127.088462,3
청북읍,경기 평택시 청북읍,37.044972,126.934623,3
통복동,경기 평택시 통복동,36.999763,127.087001,3
팽성읍,경기 평택시 팽성읍,36.961799,127.036061,3
포승읍,경기 평택시 포승읍,36.987741,126.860636,3
현덕면,경기 평택시 현덕면,36.944926,126.931962,3
가산면,경기 포천시 가산면,37.833951,127.201055,3
관인면,경기 포천시 관인면,38.128546,127.225668,3
군내면,경기 포천시 군내면,37.877385,127.229760,3
내촌면,경기 포천시 내촌면,37.797318,127.235156,3
선단동,경기 포천시 선단동,37.860964,127.146792,3
소흘읍,경기 포천시 소흘읍,37.795180,127.148888,3
신북면,경기 포천시 신북면,37.944972,127.170907,3
영북면,경기 포천시 영북면,38.073686,127.284222,3
영중면,경기 포천시 영중면,38.002295,127.251099,3
이동면,경기 포천시 이동면,38.052178,127.385325,3
일동면,경기 포천시 일동면,37.965107,127.323790,3
창수면,경기 포천시 창수면,38.022429,127.176414,3
포천동,경기 포천시 포천동,37.894283,127.181554,3
화현면,경기 포천시 화현면,37.897824,127.285791,3
감북동,경기 하남시 감북동,37.518639,127.162926,3
감일동,경기 하남시 감일동,37.502032,127.162170,3
덕풍1동,경기 하남시 덕풍1동,37.535305,127.197974,3
덕풍2동,경기 하남시 덕풍2동,37.541573,127.199236,3
덕풍3동,경기 하남시 덕풍3동,37.551213,127.204587,3
미사1동,경기 하남시 미사1동,37.567117,127.205004,3
미사2동,경기 하남시 미사2동,37.580090,127.187842,3
미사3동,경기 하남시 미사3동,37.550352,127.189889,3
신장1동,경기 하남시 신장1동,37.538913,127.207333,3
신장2동,경기 하남시 신장2동,37.548877,127.221704,3
위례동,경기 하남시 위례동,37.478797,127.162000,3
천현동,경기 하남시 천현동,37.511997,127.238621,3
초이동,경기 하남시 초이동,37.534212,127.173384,3
춘궁동,경기 하남시 춘궁동,37.506537,127.194346,3
동탄1동,경기 화성시 동탄구 동탄1동,37.210305,127.074084,3
동탄2동,경기 화성시 동탄구 동탄2동,37.192485,127.075155,3
동탄3동,경기 화성시 동탄구 동탄3동,37.208659,127.056750,3
동탄4동,경기 화성시 동탄구 동탄4동,37.195668,127.111897,3
동탄5동,경기 화성시 동탄구 동탄5동,37.209314,127.123600,3
동탄6동,경기 화성시 동탄구 동탄6동,37.181859,127.088700,3
동탄7동,경기 화성시 동탄구 동탄7동,37.170905,127.112301,3
동탄8동,경기 화성시 동탄구 동탄8동,37.154943,127.111812,3
동탄9동,경기 화성시 동탄구 동탄9동,37.183785,127.138929,3
남양읍,경기 화성시 만세구 남양읍,37.208230,126.821492,3
마도면,경기 화성시 만세구 마도면,37.192053,126.763090,3
새솔동,경기 화성시 만세구 새솔동,37.281519,126.820409,3
서신면,경기 화성시 만세구 서신면,37.163310,126.694111,3
송산면,경기 화성시 만세구 송산면,37.231436,126.718228,3
양감면,경기 화성시 만세구 양감면,37.088818,126.960334,3
우정읍,경기 화성시 만세구 우정읍,37.080282,126.785913,3
장안면,경기 화성시 만세구 장안면,37.074210,126.840592,3
팔탄면,경기 화성시 만세구 팔탄면,37.153881,126.882642,3
향남읍,경기 화성시 만세구 향남읍,37.114329,126.927060,3
반월동,경기 화성시 병점구 반월동,37.226988,127.060320,3
병점1동,경기 화성시 병점구 병점1동,37.203372,127.035389,3
병점2동,경기 화성시 병점구 병점2동,37.210614,127.046033,3
진안동,경기 화성시 병점구 진안동,37.219888,127.038063,3
화산동,경기 화성시 병점구 화산동,37.207891,127.005315,3
기배동,경기 화성시 효행구 기배동,37.224199,126.988564,3
매송면,경기 화성시 효행구 매송면,37.263251,126.907230,3
봉담읍,경기 화성시 효행구 봉담읍,37.204176,126.939102,3
비봉면,경기 화성시 효행구 비봉면,37.232559,126.871157,3
정남면,경기 화성시 효행구 정남면,37.161619,126.986225,3
거제면,경남 거제시 거제면,34.850210,128.573571,3
고현동,경남 거제시 고현동,34.883730,128.623006,3
남부면,경남 거제시 남부면,34.736789,128.615704,3
능포동,경남 거제시 능포동,34.880933,128.734919,3
동부면,경남 거제시 동부면,34.797784,128.613332,3
둔덕면,경남 거제시 둔덕면,34.856722,128.512706,3
사등면,경남 거제시 사등면,34.906042,128.529007,3
상문동,경남 거제시 상문동,34.851648,128.647389,3
수양동,경남 거제시 수양동,34.884957,128.656229,3
아주동,경남 거제시 아주동,34.867708,128.691597,3
연초면,경남 거제시 연초면,34.926985,128.652964,3
옥포1동,경남 거제시 옥포1동,34.887836,128.687001,3
옥포2동,경남 거제시 옥포2동,34.907930,128.698887,3
일운면,경남 거제시 일운면,34.819699,128.695778,3
장목면,경남 거제시 장목면,34.982576,128.695175,3
장승포동,경남 거제시 장승포동,34.862993,128.726412,3
장평동,경남 거제시 장평동,34.893427,128.598629,3
하청면,경남 거제시 하청면,34.969338,128.634217,3
가북면,경남 거창군 가북면,35.794201,128.008127,3
가조면,경남 거창군 가조면,35.704868,128.029482,3
거창읍,경남 거창군 거창읍,35.697209,127.909492,3
고제면,경남 거창군 고제면,35.849329,127.862596,3
남상면,경남 거창군 남상면,35.620123,127.916689,3
남하면,경남 거창군 남하면,35.673631,127.974399,3
마리면,경남 거창군 마리면,35.699333,127.847117,3
북상면,경남 거창군 북상면,35.789264,127.766741,3
신원면,경남 거창군 신원면,35.565294,127.928084,3
웅양면,경남 거창군 웅양면,35.832415,127.924441,3
위천면,경남 거창군 위천면,35.748130,127.823763,3
주상면,경남 거창군 주상면,35.766315,127.915548,3
개천면,경남 고성군 개천면,35.096785,128.286220,3
거류면,경남 고성군 거류면,34.984410,128.382748,3
고성읍,경남 고성군 고성읍,34.977052,128.315869,3
구만면,경남 고성군 구만면,35.092936,128.337868,3
대가면,경남 고성군 대가면,35.027470,128.276708,3
동해면,경남 고성군 동해면,35.024981,128.445074,3
마암면,경남 고성군 마암면,35.045689,128.334428,3
삼산면,경남 고성군 삼산면,34.944068,128.272485,3
상리면,경남 고성군 상리면,34.997225,128.200158,3
영오면,경남 고성군 영오면,35.103693,128.230726,3
영현면,경남 고성군 영현면,35.047887,128.218865,3
하이면,경남 고성군 하이면,34.937291,128.142775,3
하일면,경남 고성군 하일면,34.935696,128.191813,3
회화면,경남 고성군 회화면,35.075063,128.387359,3
내외동,경남 김해시 내외동,35.236887,128.860965,3
대동면,경남 김해시 대동면,35.259792,128.968151,3
동상동,경남 김해시 동상동,35.242371,128.887720,3
부원동,경남 김해시 부원동,35.223696,128.889020,3
북부동,경남 김해시 북부동,35.265515,128.868698,3
불암동,경남 김해시 불암동,35.227851,128.923600,3
삼안동,경남 김해시 삼안동,35.255585,128.907478,3
상동면,경남 김해시 상동면,35.318160,128.918151,3
생림면,경남 김해시 생림면,35.343129,128.851185,3
장유1동,경남 김해시 장유1동,35.204885,128.810503,3
장유2동,경남 김해시 장유2동,35.189135,128.774765,3
장유3동,경남 김해시 장유3동,35.169859,128.821090,3
주촌면,경남 김해시 주촌면,35.242983,128.822185,3
진례면,경남 김해시 진례면,35.242465,128.757846,3
진영읍,경남 김해시 진영읍,35.294672,128.739624,3
칠산서부동,경남 김해시 칠산서부동,35.202301,128.858256,3
한림면,경남 김해시 한림면,35.311710,128.808387,3
활천동,경남 김해시 활천동,35.234650,128.900330,3
회현동,경남 김해시 회현동,35.230231,128.877584,3
고현면,경남 남해군 고현면,34.889610,127.871673,3
남면,경남 남해군 남면,34.762061,127.877998,3
남해읍,경남 남해군 남해읍,34.831779,127.890829,3
미조면,경남 남해군 미조면,34.728379,128.037049,3
삼동면,경남 남해군 삼동면,34.795523,128.019652,3
상주면,경남 남해군 상주면,34.732372,127.978993,3
서면,경남 남해군 서면,34.838366,127.842352,3
설천면,경남 남해군 설천면,34.918745,127.899872,3
이동면,경남 남해군 이동면,34.787484,127.951714,3
창선면,경남 남해군 창선면,34.869181,128.017281,3
가곡동,경남 밀양시 가곡동,35.475109,128.781361,3
교동,경남 밀양시 교동,35.508072,128.763689,3
내이동,경남 밀양시 내이동,35.498800,128.741727,3
내일동,경남 밀양시 내일동,35.486037,128.792110,3
단장면,경남 밀양시 단장면,35.505431,128.910169,3
무안면,경남 밀양시 무안면,35.486071,128.643023,3
부북면,경남 밀양시 부북면,35.522243,128.715054,3
산내면,경남 밀양시 산내면,35.592056,128.924587,3
산외면,경남 밀양시 산외면,35.522943,128.820464,3
삼랑진읍,경남 밀양시 삼랑진읍,35.426121,128.841014,3
삼문동,경남 밀양시 삼문동,35.483422,128.751896,3
상남면,경남 밀양시 상남면,35.420544,128.764178,3
상동면,경남 밀양시 상동면,35.557430,128.785430,3
청도면,경남 밀양시 청도면,35.559185,128.632590,3
초동면,경남 밀양시 초동면,35.418533,128.683801,3
하남읍,경남 밀양시 하남읍,35.378458,128.740714,3
곤명면,경남 사천시 곤명면,35.120643,127.946139,3
곤양면,경남 사천시 곤양면,35.070964,127.985087,3
남양동,경남 사천시 남양동,34.979988,128.074336,3
동서금동,경남 사천시 동서금동,34.929928,128.079855,3
동서동,경남 사천시 동서동,34.934230,128.056251,3
벌용동,경남 사천시 벌용동,34.963421,128.099520,3
사남면,경남 사천시 사남면,35.027247,128.106238,3
사천읍,경남 사천시 사천읍,35.092032,128.118523,3
서포면,경남 사천시 서포면,35.010457,127.967901,3
선구동,경남 사천시 선구동,34.949343,128.076569,3
용현면,경남 사천시 용현면,35.019600,128.068067,3
정동면,경남 사천시 정동면,35.051098,128.136204,3
축동면,경남 사천시 축동면,35.106255,128.059132,3
향촌동,경남 사천시 향촌동,34.943754,128.109347,3
금서면,경남 산청군 금서면,35.419138,127.813169,3
단성면,경남 산청군 단성면,35.294918,127.916007,3
산청읍,경남 산청군 산청읍,35.407730,127.900546,3
삼장면,경남 산청군 삼장면,35.339664,127.808520,3
생비량면,경남 산청군 생비량면,35.350377,128.055674,3
생초면,경남 산청군 생초면,35.509141,127.848198,3
시천면,경남 산청군 시천면,35.276584,127.776938,3
신등면,경남 산청군 신등면,35.406779,128.001169,3
신안면,경남 산청군 신안면,35.342877,127.978552,3
오부면,경남 산청군 오부면,35.491113,127.892451,3
차황면,경남 산청군 차황면,35.472496,127.944184,3
강서동,경남 양산시 강서동,35.384067,129.010724,3
덕계동,경남 양산시 덕계동,35.370123,129.171669,3
동면,경남 양산시 동면,35.321225,129.072956,3
물금읍,경남 양산시 물금읍,35.315195,129.000807,3
삼성동,경남 양산시 삼성동,35.365642,129.067870,3
상북면,경남 양산시 상북면,35.424475,129.044461,3
서창동,경남 양산시 서창동,35.408276,129.186665,3
소주동,경남 양산시 소주동,35.412628,129.145013,3
양주동,경남 양산시 양주동,35.336375,129.029095,3
원동면,경남 양산시 원동면,35.420109,128.960982,3
중앙동,경남 양산시 중앙동,35.342398,129.065500,3
평산동,경남 양산시 평산동,35.382802,129.127366,3
하북면,경남 양산시 하북면,35.462779,129.084395,3
가례면,경남 의령군 가례면,35.355895,128.227156,3
궁류면,경남 의령군 궁류면,35.433125,128.231733,3
낙서면,경남 의령군 낙서면,35.484147,128.390798,3
대의면,경남 의령군 대의면,35.367699,128.143007,3
봉수면,경남 의령군 봉수면,35.476480,128.266580,3
부림면,경남 의령군 부림면,35.477174,128.332154,3
용덕면,경남 의령군 용덕면,35.357042,128.278659,3
유곡면,경남 의령군 유곡면,35.422618,128.296085,3
의령읍,경남 의령군 의령읍,35.303712,128.263582,3
정곡면,경남 의령군 정곡면,35.376612,128.334943,3
지정면,경남 의령군 지정면,35.392313,128.389509,3
칠곡면,경남 의령군 칠곡면,35.349508,128.184971,3
화정면,경남 의령군 화정면,35.284243,128.216754,3
가호동,경남 진주시 가호동,35.157652,128.113695,3
금곡면,경남 진주시 금곡면,35.104306,128.188252,3
금산면,경남 진주시 금산면,35.209399,128.158069,3
내동면,경남 진주시 내동면,35.143236,128.040310,3
대곡면,경남 진주시 대곡면,35.263036,128.176156,3
대평면,경남 진주시 대평면,35.200032,127.980276,3
명석면,경남 진주시 명석면,35.254907,128.020993,3
문산읍,경남 진주시 문산읍,35.156997,128.181984,3
미천면,경남 진주시 미천면,35.307302,128.111881,3
사봉면,경남 진주시 사봉면,35.199389,128.278190,3
상대동,경남 진주시 상대동,35.183314,128.112423,3
상봉동,경남 진주시 상봉동,35.203199,128.072439,3
상평동,경남 진주시 상평동,35.173323,128.114134,3
성북동,경남 진주시 성북동,35.191971,128.076911,3
수곡면,경남 진주시 수곡면,35.203614,127.929839,3
신안동,경남 진주시 신안동,35.184420,128.070251,3
이반성면,경남 진주시 이반성면,35.164976,128.334761,3
이현동,경남 진주시 이현동,35.198303,128.053945,3
일반성면,경남 진주시 일반성면,35.156189,128.285090,3
정촌면,경남 진주시 정촌면,35.127322,128.114030,3
중앙동,경남 진주시 중앙동,35.195907,128.090186,3
지수면,경남 진주시 지수면,35.235589,128.263690,3
진성면,경남 진주시 진성면,35.174978,128.229977,3
집현면,경남 진주시 집현면,35.253624,128.086907,3
천전동,경남 진주시 천전동,35.175574,128.085524,3
초장동,경남 진주시 초장동,35.211482,128.100066,3
충무공동,경남 진주시 충무공동,35.176845,128.143045,3
판문동,경남 진주시 판문동,35.178906,128.031016,3
평거동,경남 진주시 평거동,35.175725,128.061614,3
하대동,경남 진주시 하대동,35.191834,128.115760,3
계성면,경남 창녕군 계성면,35.476546,128.515489,3
고암면,경남 창녕군 고암면,35.570668,128.535419,3
길곡면,경남 창녕군 길곡면,35.403593,128.567985,3
남지읍,경남 창녕군 남지읍,35.428434,128.433327,3
대지면,경남 창녕군 대지면,35.542309,128.458914,3
대합면,경남 창녕군 대합면,35.594808,128.445448,3
도천면,경남 창녕군 도천면,35.423356,128.533071,3
부곡면,경남 창녕군 부곡면,35.417603,128.616968,3
성산면,경남 창녕군 성산면,35.623279,128.520351,3
영산면,경남 창녕군 영산면,35.446724,128.524910,3
유어면,경남 창녕군 유어면,35.517810,128.420781,3
이방면,경남 창녕군 이방면,35.568526,128.382595,3
장마면,경남 창녕군 장마면,35.467982,128.469706,3
창녕읍,경남 창녕군 창녕읍,35.523879,128.520015,3
가포동,경남 창원시 마산합포구 가포동,35.161578,128.574980,3
교방동,경남 창원시 마산합포구 교방동,35.210938,128.554589,3
구산면,경남 창원시 마산합포구 구산면,35.094471,128.578631,3
문화동,경남 창원시 마산합포구 문화동,35.187555,128.552047,3
반월중앙동,경남 창원시 마산합포구 반월중앙동,35.192879,128.563450,3
산호동,경남 창원시 마산합포구 산호동,35.216968,128.584006,3
오동동,경남 창원시 마산합포구 오동동,35.203836,128.574372,3
완월동,경남 창원시 마산합포구 완월동,35.198608,128.550108,3
월영동,경남 창원시 마산합포구 월영동,35.177122,128.558806,3
자산동,경남 창원시 마산합포구 자산동,35.204423,128.560678,3
진동면,경남 창원시 마산합포구 진동면,35.132538,128.508293,3
진북면,경남 창원시 마산합포구 진북면,35.149433,128.460072,3
진전면,경남 창원시 마산합포구 진전면,35.130933,128.403081,3
합포동,경남 창원시 마산합포구 합포동,35.211206,128.581158,3
현동,경남 창원시 마산합포구 현동,35.153884,128.553721,3
구암1동,경남 창원시 마산회원구 구암1동,35.259983,128.585180,3
구암2동,경남 창원시 마산회원구 구암2동,35.248956,128.597610,3
내서읍,경남 창원시 마산회원구 내서읍,35.230664,128.513465,3
봉암동,경남 창원시 마산회원구 봉암동,35.221586,128.604844,3
석전동,경남 창원시 마산회원구 석전동,35.232696,128.571365,3
양덕1동,경남 창원시 마산회원구 양덕1동,35.232234,128.589422,3
양덕2동,경남 창원시 마산회원구 양덕2동,35.225579,128.583994,3
합성1동,경남 창원시 마산회원구 합성1동,35.248565,128.575660,3
합성2동,경남 창원시 마산회원구 합성2동,35.239003,128.596661,3
회성동,경남 창원시 마산회원구 회성동,35.238475,128.550144,3
회원1동,경남 창원시 마산회원구 회원1동,35.220344,128.573828,3
회원2동,경남 창원시 마산회원구 회원2동,35.219406,128.547446,3
가음정동,경남 창원시 성산구 가음정동,35.208254,128.694695,3
반송동,경남 창원시 성산구 반송동,35.239749,128.667233,3
사파동,경남 창원시 성산구 사파동,35.221108,128.709166,3
상남동,경남 창원시 성산구 상남동,35.218169,128.687036,3
성주동,경남 창원시 성산구 성주동,35.185245,128.716359,3
용지동,경남 창원시 성산구 용지동,35.231133,128.686016,3
웅남동,경남 창원시 성산구 웅남동,35.191263,128.633992,3
중앙동,경남 창원시 성산구 중앙동,35.219984,128.670407,3
대산면,경남 창원시 의창구 대산면,35.343224,128.709130,3
동읍,경남 창원시 의창구 동읍,35.307887,128.669531,3
명곡동,경남 창원시 의창구 명곡동,35.254946,128.644624,3
봉림동,경남 창원시 의창구 봉림동,35.247545,128.687638,3
북면,경남 창원시 의창구 북면,35.331059,128.606375,3
의창동,경남 창원시 의창구 의창동,35.265175,128.612565,3
팔룡동,경남 창원시 의창구 팔룡동,35.235387,128.631126,3
경화동,경남 창원시 진해구 경화동,35.160897,128.682082,3
덕산동,경남 창원시 진해구 덕산동,35.143238,128.705470,3
병암동,경남 창원시 진해구 병암동,35.160634,128.691618,3
석동,경남 창원시 진해구 석동,35.160669,128.702804,3
여좌동,경남 창원시 진해구 여좌동,35.167622,128.662571,3
웅동1동,경남 창원시 진해구 웅동1동,35.136695,128.778036,3
웅동2동,경남 창원시 진해구 웅동2동,35.101310,128.813293,3
웅천동,경남 창원시 진해구 웅천동,35.105294,128.744874,3
이동,경남 창원시 진해구 이동,35.150319,128.697120,3
자은동,경남 창원시 진해구 자은동,35.152383,128.722760,3
충무동,경남 창원시 진해구 충무동,35.145437,128.647124,3
태백동,경남 창원시 진해구 태백동,35.157852,128.674211,3
풍호동,경남 창원시 진해구 풍호동,35.123759,128.708286,3
광도면,경남 통영시 광도면,34.921806,128.408774,3
도산면,경남 통영시 도산면,34.905532,128.355458,3
도천동,경남 통영시 도천동,34.844303,128.392652,3
명정동,경남 통영시 명정동,34.853348,128.406158,3
무전동,경남 통영시 무전동,34.860602,128.428812,3
미수동,경남 통영시 미수동,34.824363,128.401631,3
봉평동,경남 통영시 봉평동,34.825076,128.422504,3
북신동,경남 통영시 북신동,34.854502,128.424226,3
사량면,경남 통영시 사량면,34.830129,128.210843,3
산양읍,경남 통영시 산양읍,34.793865,128.392134,3
욕지면,경남 통영시 욕지면,34.649270,128.259585,3
용남면,경남 통영시 용남면,34.887622,128.452274,3
정량동,경남 통영시 정량동,34.846396,128.436177,3
중앙동,경남 통영시 중앙동,34.845246,128.423157,3
한산면,경남 통영시 한산면,34.753409,128.500322,3
고전면,경남 하동군 고전면,35.026858,127.815648,3
금남면,경남 하동군 금남면,34.977533,127.856222,3
금성면,경남 하동군 금성면,34.964081,127.797998,3
북천면,경남 하동군 북천면,35.119985,127.870958,3
악양면,경남 하동군 악양면,35.171166,127.710168,3
양보면,경남 하동군 양보면,35.068967,127.846697,3
옥종면,경남 하동군 옥종면,35.194178,127.861795,3
적량면,경남 하동군 적량면,35.105337,127.766059,3
진교면,경남 하동군 진교면,35.033230,127.894303,3
청암면,경남 하동군 청암면,35.196255,127.757669,3
하동읍,경남 하동군 하동읍,35.085656,127.737514,3
화개면,경남 하동군 화개면,35.254084,127.647594,3
횡천면,경남 하동군 횡천면,35.120739,127.815698,3
가야읍,경남 함안군 가야읍,35.273631,128.395492,3
군북면,경남 함안군 군북면,35.257586,128.333683,3
대산면,경남 함안군 대산면,35.347773,128.436541,3
법수면,경남 함안군 법수면,35.327119,128.350746,3
산인면,경남 함안군 산인면,35.276362,128.453658,3
여항면,경남 함안군 여항면,35.195112,128.444727,3
칠북면,경남 함안군 칠북면,35.354871,128.539225,3
칠서면,경남 함안군 칠서면,35.351448,128.497060,3
칠원읍,경남 함안군 칠원읍,35.294905,128.527765,3
함안면,경남 함안군 함안면,35.230187,128.424124,3
마천면,경남 함양군 마천면,35.374282,127.679471,3
백전면,경남 함양군 백전면,35.567676,127.633322,3
병곡면,경남 함양군 병곡면,35.556288,127.688289,3
서상면,경남 함양군 서상면,35.693483,127.679215,3
서하면,경남 함양군 서하면,35.632120,127.717508,3
수동면,경남 함양군 수동면,35.558189,127.811195,3
안의면,경남 함양군 안의면,35.656509,127.803800,3
유림면,경남 함양군 유림면,35.485837,127.782748,3
지곡면,경남 함양군 지곡면,35.578078,127.760107,3
함양읍,경남 함양군 함양읍,35.499873,127.703295,3
휴천면,경남 함양군 휴천면,35.445276,127.734728,3
가야면,경남 합천군 가야면,35.760056,128.098611,3
가회면,경남 합천군 가회면,35.459591,128.032426,3
대병면,경남 합천군 대병면,35.526971,128.009565,3
대양면,경남 합천군 대양면,35.510907,128.187233,3
덕곡면,경남 합천군 덕곡면,35.631455,128.324282,3
묘산면,경남 합천군 묘산면,35.661954,128.110858,3
봉산면,경남 합천군 봉산면,35.609956,128.035728,3
삼가면,경남 합천군 삼가면,35.413356,128.112071,3
쌍백면,경남 합천군 쌍백면,35.454728,128.154765,3
쌍책면,경남 합천군 쌍책면,35.609108,128.269594,3
야로면,경남 합천군 야로면,35.717495,128.169099,3
용주면,경남 합천군 용주면,35.539704,128.099402,3
율곡면,경남 합천군 율곡면,35.595319,128.208482,3
적중면,경남 합천군 적중면,35.539852,128.285333,3
청덕면,경남 합천군 청덕면,35.559459,128.330804,3
초계면,경남 합천군 초계면,35.540407,128.246212,3
합천읍,경남 합천군 합천읍,35.606759,128.139841,3
남부동,경북 경산시 남부동,35.803676,128.743157,3
남산면,경북 경산시 남산면,35.771537,128.822401,3
남천면,경북 경산시 남천면,35.755551,128.738337,3
동부동,경북 경산시 동부동,35.802107,128.769602,3
북부동,경북 경산시 북부동,35.836600,128.752567,3
서부1동,경북 경산시 서부1동,35.815001,128.723988,3
서부2동,경북 경산시 서부2동,35.833072,128.723598,3
압량읍,경북 경산시 압량읍,35.844992,128.778891,3
와촌면,경북 경산시 와촌면,35.956916,128.796665,3
용성면,경북 경산시 용성면,35.799350,128.901713,3
자인면,경북 경산시 자인면,35.822055,128.824382,3
중방동,경북 경산시 중방동,35.829755,128.735688,3
중앙동,경북 경산시 중앙동,35.822817,128.739595,3
진량읍,경북 경산시 진량읍,35.870500,128.834844,3
하양읍,경북 경산시 하양읍,35.913539,128.788419,3
감포읍,경북 경주시 감포읍,35.805919,129.478982,3
강동면,경북 경주시 강동면,35.995706,129.272284,3
건천읍,경북 경주시 건천읍,35.831565,129.103512,3
내남면,경북 경주시 내남면,35.747697,129.174878,3
동천동,경북 경주시 동천동,35.851069,129.235939,3
문무대왕면,경북 경주시 문무대왕면,35.799425,129.413648,3
보덕동,경북 경주시 보덕동,35.846137,129.317865,3
불국동,경북 경주시 불국동,35.782036,129.298548,3
산내면,경북 경주시 산내면,35.749194,129.036904,3
서면,경북 경주시 서면,35.896717,129.065843,3
선도동,경북 경주시 선도동,35.837904,129.164936,3
성건동,경북 경주시 성건동,35.857331,129.193175,3
안강읍,경북 경주시 안강읍,35.981785,129.183945,3
양남면,경북 경주시 양남면,35.704104,129.418986,3
외동읍,경북 경주시 외동읍,35.712413,129.313312,3
용강동,경북 경주시 용강동,35.871883,129.232539,3
월성동,경북 경주시 월성동,35.811044,129.246779,3
천북면,경북 경주시 천북면,35.904641,129.276727,3
현곡면,경북 경주시 현곡면,35.896807,129.170549,3
황남동,경북 경주시 황남동,35.808901,129.198968,3
황성동,경북 경주시 황성동,35.868022,129.215450,3
황오동,경북 경주시 황오동,35.844593,129.215463,3
개진면,경북 고령군 개진면,35.714032,128.365666,3
다산면,경북 고령군 다산면,35.820979,128.417703,3
대가야읍,경북 고령군 대가야읍,35.729715,128.256372,3
덕곡면,경북 고령군 덕곡면,35.783227,128.203848,3
성산면,경북 고령군 성산면,35.755467,128.357108,3
쌍림면,경북 고령군 쌍림면,35.680499,128.231500,3
우곡면,경북 고령군 우곡면,35.659617,128.346004,3
운수면,경북 고령군 운수면,35.782859,128.297387,3
고아읍,경북 구미시 고아읍,36.184635,128.328228,3
공단동,경북 구미시 공단동,36.096244,128.381305,3
광평동,경북 구미시 광평동,36.109329,128.357717,3
도개면,경북 구미시 도개면,36.304824,128.353428,3
도량동,경북 구미시 도량동,36.141846,128.328118,3
무을면,경북 구미시 무을면,36.267528,128.188359,3
비산동,경북 구미시 비산동,36.117655,128.379847,3
산동읍,경북 구미시 산동읍,36.179163,128.453876,3
상모사곡동,경북 구미시 상모사곡동,36.092320,128.348625,3
선산읍,경북 구미시 선산읍,36.242308,128.292779,3
선주원남동,경북 구미시 선주원남동,36.124520,128.304587,3
송정동,경북 구미시 송정동,36.118688,128.346633,3
신평1동,경북 구미시 신평1동,36.119573,128.361891,3
신평2동,경북 구미시 신평2동,36.125502,128.365861,3
양포동,경북 구미시 양포동,36.133776,128.419007,3
옥성면,경북 구미시 옥성면,36.304102,128.260531,3
원평동,경북 구미시 원평동,36.127674,128.341399,3
인동동,경북 구미시 인동동,36.098748,128.445855,3
임오동,경북 구미시 임오동,36.075132,128.365121,3
장천면,경북 구미시 장천면,36.148075,128.514090,3
지산동,경북 구미시 지산동,36.135387,128.355675,3
진미동,경북 구미시 진미동,36.101918,128.410258,3
해평면,경북 구미시 해평면,36.222079,128.390204,3
형곡1동,경북 구미시 형곡1동,36.114569,128.332622,3
형곡2동,경북 구미시 형곡2동,36.103752,128.334132,3
감문면,경북 김천시 감문면,36.221494,128.172096,3
감천면,경북 김천시 감천면,36.061232,128.139977,3
개령면,경북 김천시 개령면,36.173891,128.181418,3
구성면,경북 김천시 구성면,36.042287,128.030761,3
남면,경북 김천시 남면,36.095592,128.240051,3
농소면,경북 김천시 농소면,36.078560,128.184324,3
대곡동,경북 김천시 대곡동,36.115474,128.081979,3
대덕면,경북 김천시 대덕면,35.914907,127.949908,3
대신동,경북 김천시 대신동,36.145413,128.109077,3
대항면,경북 김천시 대항면,36.100402,128.007903,3
봉산면,경북 김천시 봉산면,36.170322,128.030883,3
부항면,경북 김천시 부항면,36.000479,127.935758,3
아포읍,경북 김천시 아포읍,36.155586,128.249704,3
양금동,경북 김천시 양금동,36.097181,128.108426,3
어모면,경북 김천시 어모면,36.203001,128.095378,3
율곡동,경북 김천시 율곡동,36.123813,128.186010,3
자산동,경북 김천시 자산동,36.123891,128.124832,3
조마면,경북 김천시 조마면,36.009793,128.118265,3
증산면,경북 김천시 증산면,35.878811,128.030715,3
지례면,경북 김천시 지례면,35.965163,128.046429,3
지좌동,경북 김천시 지좌동,36.116882,128.145287,3
평화남산동,경북 김천시 평화남산동,36.121476,128.112748,3
가은읍,경북 문경시 가은읍,36.659866,128.010863,3
농암면,경북 문경시 농암면,36.582979,127.980419,3
동로면,경북 문경시 동로면,36.782874,128.296042,3
마성면,경북 문경시 마성면,36.685814,128.116207,3
문경읍,경북 문경시 문경읍,36.769772,128.127714,3
산북면,경북 문경시 산북면,36.714253,128.253681,3
산양면,경북 문경시 산양면,36.623047,128.258446,3
영순면,경북 문경시 영순면,36.565095,128.251179,3
점촌1동,경북 문경시 점촌1동,36.598586,128.195758,3
점촌2동,경북 문경시 점촌2동,36.585106,128.206631,3
점촌3동,경북 문경시 점촌3동,36.619867,128.198053,3
점촌4동,경북 문경시 점촌4동,36.624662,128.153644,3
점촌5동,경북 문경시 점촌5동,36.590064,128.185564,3
호계면,경북 문경시 호계면,36.665627,128.201393,3
명호면,경북 봉화군 명호면,36.839287,128.888683,3
물야면,경북 봉화군 물야면,36.973360,128.733400,3
법전면,경북 봉화군 법전면,36.910282,128.916785,3
봉성면,경북 봉화군 봉성면,36.918003,128.809241,3
봉화읍,경북 봉화군 봉화읍,36.890029,128.707203,3
상운면,경북 봉화군 상운면,36.834890,128.776411,3
석포면,경북 봉화군 석포면,37.050827,129.054268,3
소천면,경북 봉화군 소천면,36.945588,129.027863,3
재산면,경북 봉화군 재산면,36.821616,129.000807,3
춘양면,경북 봉화군 춘양면,37.003970,128.853530,3
계림동,경북 상주시 계림동,36.439577,128.182811,3
공검면,경북 상주시 공검면,36.517620,128.134018,3
공성면,경북 상주시 공성면,36.287997,128.074475,3
낙동면,경북 상주시 낙동면,36.364792,128.237103,3
남원동,경북 상주시 남원동,36.415307,128.126038,3
내서면,경북 상주시 내서면,36.413331,128.050631,3
동문동,경북 상주시 동문동,36.425443,128.211547,3
동성동,경북 상주시 동성동,36.393320,128.183573,3
모동면,경북 상주시 모동면,36.298833,127.967657,3
모서면,경북 상주시 모서면,36.334792,127.928508,3
북문동,경북 상주시 북문동,36.449377,128.157214,3
사벌국면,경북 상주시 사벌국면,36.482674,128.221441,3
신흥동,경북 상주시 신흥동,36.367871,128.159134,3
외남면,경북 상주시 외남면,36.358869,128.082100,3
외서면,경북 상주시 외서면,36.482946,128.067886,3
은척면,경북 상주시 은척면,36.536880,128.047565,3
이안면,경북 상주시 이안면,36.574255,128.120947,3
중동면,경북 상주시 중동면,36.430837,128.286934,3
청리면,경북 상주시 청리면,36.328573,128.134962,3
함창읍,경북 상주시 함창읍,36.549892,128.197090,3
화남면,경북 상주시 화남면,36.451599,127.904543,3
화동면,경북 상주시 화동면,36.394155,127.957144,3
화북면,경북 상주시 화북면,36.579543,127.884063,3
화서면,경북 상주시 화서면,36.453262,127.951020,3
가천면,경북 성주군 가천면,35.866419,128.128212,3
금수강산면,경북 성주군 금수강산면,35.924155,128.124151,3
대가면,경북 성주군 대가면,35.902128,128.215755,3
벽진면,경북 성주군 벽진면,35.974041,128.198071,3
선남면,경북 성주군 선남면,35.903664,128.351963,3
성주읍,경북 성주군 성주읍,35.918452,128.280266,3
수륜면,경북 성주군 수륜면,35.827903,128.202997,3
용암면,경북 성주군 용암면,35.844972,128.315600,3
월항면,경북 성주군 월항면,35.975189,128.306535,3
초전면,경북 성주군 초전면,36.007282,128.248280,3
강남동,경북 안동시 강남동,36.543186,128.717969,3
길안면,경북 안동시 길안면,36.413750,128.916180,3
남선면,경북 안동시 남선면,36.508226,128.753575,3
남후면,경북 안동시 남후면,36.528421,128.625623,3
녹전면,경북 안동시 녹전면,36.750276,128.768366,3
도산면,경북 안동시 도산면,36.747678,128.846852,3
명륜동,경북 안동시 명륜동,36.583491,128.738730,3
북후면,경북 안동시 북후면,36.678170,128.676504,3
서구동,경북 안동시 서구동,36.564328,128.722550,3
서후면,경북 안동시 서후면,36.628171,128.656425,3
송하동,경북 안동시 송하동,36.580535,128.689390,3
안기동,경북 안동시 안기동,36.593956,128.713960,3
예안면,경북 안동시 예안면,36.684735,128.913422,3
옥동,경북 안동시 옥동,36.557713,128.691187,3
와룡면,경북 안동시 와룡면,36.630612,128.793167,3
용상동,경북 안동시 용상동,36.561573,128.785548,3
일직면,경북 안동시 일직면,36.464481,128.637954,3
임동면,경북 안동시 임동면,36.579514,128.938955,3
임하면,경북 안동시 임하면,36.510494,128.846211,3
중구동,경북 안동시 중구동,36.573601,128.751151,3
태화동,경북 안동시 태화동,36.560628,128.708933,3
평화동,경북 안동시 평화동,36.572433,128.712268,3
풍산읍,경북 안동시 풍산읍,36.593997,128.585224,3
풍천면,경북 안동시 풍천면,36.525816,128.515406,3
강구면,경북 영덕군 강구면,36.382888,129.370332,3
남정면,경북 영덕군 남정면,36.313729,129.336144,3
달산면,경북 영덕군 달산면,36.374540,129.272526,3
병곡면,경북 영덕군 병곡면,36.608141,129.385614,3
영덕읍,경북 영덕군 영덕읍,36.438211,129.383174,3
영해면,경북 영덕군 영해면,36.530536,129.334993,3
지품면,경북 영덕군 지품면,36.458744,129.248128,3
창수면,경북 영덕군 창수면,36.602582,129.296148,3
축산면,경북 영덕군 축산면,36.494445,129.383772,3
석보면,경북 영양군 석보면,36.555444,129.172142,3
수비면,경북 영양군 수비면,36.788020,129.221972,3
영양읍,경북 영양군 영양읍,36.652675,129.171719,3
일월면,경북 영양군 일월면,36.760773,129.126601,3
입암면,경북 영양군 입암면,36.600023,129.059459,3
청기면,경북 영양군 청기면,36.716358,129.041854,3
가흥1동,경북 영주시 가흥1동,36.803121,128.606081,3
가흥2동,경북 영주시 가흥2동,36.839425,128.598964,3
단산면,경북 영주시 단산면,36.968319,128.594483,3
문수면,경북 영주시 문수면,36.748275,128.623971,3
봉현면,경북 영주시 봉현면,36.827180,128.496883,3
부석면,경북 영주시 부석면,36.990602,128.655571,3
상망동,경북 영주시 상망동,36.854699,128.636697,3
순흥면,경북 영주시 순흥면,36.933533,128.549291,3
안정면,경북 영주시 안정면,36.843327,128.556750,3
영주1동,경북 영주시 영주1동,36.829178,128.620809,3
영주2동,경북 영주시 영주2동,36.823124,128.618689,3
이산면,경북 영주시 이산면,36.818024,128.691250,3
장수면,경북 영주시 장수면,36.779872,128.568133,3
평은면,경북 영주시 평은면,36.742164,128.700078,3
풍기읍,경북 영주시 풍기읍,36.901969,128.489179,3
하망동,경북 영주시 하망동,36.822869,128.636585,3
휴천1동,경북 영주시 휴천1동,36.812928,128.648973,3
휴천2동,경북 영주시 휴천2동,36.807939,128.620266,3
휴천3동,경북 영주시 휴천3동,36.796007,128.636531,3
고경면,경북 영천시 고경면,35.983197,129.061281,3
금호읍,경북 영천시 금호읍,35.921669,128.898617,3
남부동,경북 영천시 남부동,35.928327,128.952904,3
대창면,경북 영천시 대창면,35.864055,128.919274,3
동부동,경북 영천시 동부동,35.986666,128.954854,3
북안면,경북 영천시 북안면,35.900827,129.004070,3
서부동,경북 영천시 서부동,35.973611,128.904446,3
신녕면,경북 영천시 신녕면,36.054737,128.758776,3
완산동,경북 영천시 완산동,35.962042,128.952763,3
임고면,경북 영천시 임고면,36.043038,129.035220,3
자양면,경북 영천시 자양면,36.102363,129.040291,3
중앙동,경북 영천시 중앙동,36.009418,128.930285,3
청통면,경북 영천시 청통면,35.994622,128.815479,3
화남면,경북 영천시 화남면,36.081106,128.896273,3
화북면,경북 영천시 화북면,36.130713,128.943286,3
화산면,경북 영천시 화산면,36.039690,128.854999,3
감천면,경북 예천군 감천면,36.732847,128.516231,3
개포면,경북 예천군 개포면,36.609820,128.368882,3
보문면,경북 예천군 보문면,36.677350,128.552125,3
예천읍,경북 예천군 예천읍,36.656907,128.453030,3
용궁면,경북 예천군 용궁면,36.605377,128.305125,3
용문면,경북 예천군 용문면,36.706389,128.394341,3
유천면,경북 예천군 유천면,36.652904,128.366062,3
은풍면,경북 예천군 은풍면,36.745062,128.442392,3
지보면,경북 예천군 지보면,36.553502,128.389186,3
풍양면,경북 예천군 풍양면,36.513263,128.303784,3
호명읍,경북 예천군 호명읍,36.606984,128.475240,3
효자면,경북 예천군 효자면,36.793871,128.421897,3
북면,경북 울릉군 북면,37.524621,130.868198,3
서면,경북 울릉군 서면,37.491406,130.833019,3
울릉읍,경북 울릉군 울릉읍,37.492252,130.899387,3
근남면,경북 울진군 근남면,36.945851,129.361046,3
금강송면,경북 울진군 금강송면,36.947009,129.207716,3
기성면,경북 울진군 기성면,36.804924,129.407975,3
매화면,경북 울진군 매화면,36.863338,129.352724,3
북면,경북 울진군 북면,37.075567,129.309686,3
온정면,경북 울진군 온정면,36.717542,129.342232,3
울진읍,경북 울진군 울진읍,37.001118,129.344993,3
죽변면,경북 울진군 죽변면,37.053158,129.395169,3
평해읍,경북 울진군 평해읍,36.729987,129.437507,3
후포면,경북 울진군 후포면,36.679606,129.426926,3
가음면,경북 의성군 가음면,36.221020,128.746972,3
구천면,경북 의성군 구천면,36.332106,128.422796,3
금성면,경북 의성군 금성면,36.259453,128.684863,3
다인면,경북 의성군 다인면,36.459701,128.370435,3
단밀면,경북 의성군 단밀면,36.365243,128.353953,3
단북면,경북 의성군 단북면,36.395282,128.396758,3
단촌면,경북 의성군 단촌면,36.428211,128.698839,3
봉양면,경북 의성군 봉양면,36.304520,128.610072,3
비안면,경북 의성군 비안면,36.338371,128.516730,3
사곡면,경북 의성군 사곡면,36.298035,128.795427,3
신평면,경북 의성군 신평면,36.470033,128.513154,3
안계면,경북 의성군 안계면,36.393799,128.461562,3
안사면,경북 의성군 안사면,36.457304,128.455291,3
안평면,경북 의성군 안평면,36.386171,128.585680,3
옥산면,경북 의성군 옥산면,36.362645,128.832156,3
의성읍,경북 의성군 의성읍,36.348927,128.699516,3
점곡면,경북 의성군 점곡면,36.411502,128.767120,3
춘산면,경북 의성군 춘산면,36.240442,128.817678,3
각남면,경북 청도군 각남면,35.617136,128.655870,3
각북면,경북 청도군 각북면,35.699156,128.582006,3
금천면,경북 청도군 금천면,35.702309,128.897078,3
매전면,경북 청도군 매전면,35.664009,128.830392,3
운문면,경북 청도군 운문면,35.710106,128.974954,3
이서면,경북 청도군 이서면,35.688857,128.662049,3
청도읍,경북 청도군 청도읍,35.627992,128.756515,3
풍각면,경북 청도군 풍각면,35.637853,128.577489,3
화양읍,경북 청도군 화양읍,35.666072,128.716257,3
부남면,경북 청송군 부남면,36.295976,129.130796,3
안덕면,경북 청송군 안덕면,36.319092,128.984610,3
주왕산면,경북 청송군 주왕산면,36.362347,129.165692,3
진보면,경북 청송군 진보면,36.524508,129.062362,3
청송읍,경북 청송군 청송읍,36.423114,129.098518,3
파천면,경북 청송군 파천면,36.452961,129.027973,3
현동면,경북 청송군 현동면,36.255385,129.029869,3
현서면,경북 청송군 현서면,36.228201,128.929123,3
가산면,경북 칠곡군 가산면,36.070305,128.543352,3
기산면,경북 칠곡군 기산면,35.982254,128.357585,3
동명면,경북 칠곡군 동명면,36.009428,128.563100,3
북삼읍,경북 칠곡군 북삼읍,36.060009,128.330494,3
석적읍,경북 칠곡군 석적읍,36.051662,128.434131,3
약목면,경북 칠곡군 약목면,36.028194,128.365569,3
왜관읍,경북 칠곡군 왜관읍,35.977306,128.424765,3
지천면,경북 칠곡군 지천면,35.961955,128.487395,3
구룡포읍,경북 포항시 남구 구룡포읍,35.986283,129.536193,3
대송면,경북 포항시 남구 대송면,35.944769,129.352716,3
대이동,경북 포항시 남구 대이동,36.026006,129.334783,3
동해면,경북 포항시 남구 동해면,35.997818,129.486442,3
상대동,경북 포항시 남구 상대동,36.011936,129.357659,3
송도동,경북 포항시 남구 송도동,36.035568,129.376431,3
연일읍,경북 포항시 남구 연일읍,36.004383,129.316398,3
오천읍,경북 포항시 남구 오천읍,35.918680,129.396522,3
장기면,경북 포항시 남구 장기면,35.901944,129.477283,3
제철동,경북 포항시 남구 제철동,35.997658,129.386410,3
청림동,경북 포항시 남구 청림동,35.991822,129.417227,3
해도동,경북 포항시 남구 해도동,36.020014,129.371941,3
호미곶면,경북 포항시 남구 호미곶면,36.054380,129.555628,3
효곡동,경북 포항시 남구 효곡동,36.019707,129.324409,3
기계면,경북 포항시 북구 기계면,36.087723,129.178113,3
기북면,경북 포항시 북구 기북면,36.151696,129.183421,3
두호동,경북 포항시 북구 두호동,36.063799,129.380437,3
송라면,경북 포항시 북구 송라면,36.244589,129.323602,3
신광면,경북 포항시 북구 신광면,36.146866,129.254902,3
양학동,경북 포항시 북구 양학동,36.032590,129.343790,3
용흥동,경북 포항시 북구 용흥동,36.041713,129.349454,3
우창동,경북 포항시 북구 우창동,36.062342,129.357202,3
장량동,경북 포항시 북구 장량동,36.083443,129.383235,3
죽도동,경북 포항시 북구 죽도동,36.026055,129.359530,3
죽장면,경북 포항시 북구 죽장면,36.215635,129.142178,3
중앙동,경북 포항시 북구 중앙동,36.046550,129.368500,3
청하면,경북 포항시 북구 청하면,36.192377,129.324137,3
환여동,경북 포항시 북구 환여동,36.073073,129.403461,3
흥해읍,경북 포항시 북구 흥해읍,36.107843,129.344124,3
군위읍,대구 군위군 군위읍,36.236867,128.572760,3
부계면,대구 군위군 부계면,36.062340,128.660419,3
산성면,대구 군위군 산성면,36.100825,128.709808,3
삼국유사면,대구 군위군 삼국유사면,36.151400,128.820205,3
소보면,대구 군위군 소보면,36.262631,128.477143,3
우보면,대구 군위군 우보면,36.169962,128.659762,3
의흥면,대구 군위군 의흥면,36.170541,128.738189,3
효령면,대구 군위군 효령면,36.139064,128.597124,3
대명10동,대구 남구 대명10동,35.840659,128.566688,3
대명11동,대구 남구 대명11동,35.831386,128.562445,3
대명1동,대구 남구 대명1동,35.842979,128.576141,3
대명2동,대구 남구 대명2동,35.852296,128.589605,3
대명3동,대구 남구 대명3동,35.853356,128.579223,3
대명4동,대구 남구 대명4동,35.846616,128.571247,3
대명5동,대구 남구 대명5동,35.844825,128.585672,3
대명6동,대구 남구 대명6동,35.829223,128.570418,3
대명9동,대구 남구 대명9동,35.828704,128.580674,3
봉덕1동,대구 남구 봉덕1동,35.846342,128.598147,3
봉덕2동,대구 남구 봉덕2동,35.824189,128.598140,3
봉덕3동,대구 남구 봉덕3동,35.832533,128.592709,3
이천동,대구 남구 이천동,35.851529,128.601729,3
감삼동,대구 달서구 감삼동,35.847994,128.539822,3
도원동,대구 달서구 도원동,35.795422,128.558172,3
"두류1,2동","대구 달서구 두류1,2동",35.856579,128.567407,3
두류3동,대구 달서구 두류3동,35.851625,128.554968,3
본동,대구 달서구 본동,35.833824,128.539701,3
본리동,대구 달서구 본리동,35.839945,128.538358,3
상인1동,대구 달서구 상인1동,35.819589,128.541048,3
상인2동,대구 달서구 상인2동,35.813003,128.538578,3
상인3동,대구 달서구 상인3동,35.812565,128.563140,3
성당동,대구 달서구 성당동,35.844641,128.556600,3
송현1동,대구 달서구 송현1동,35.823926,128.558239,3
송현2동,대구 달서구 송현2동,35.830941,128.548151,3
신당동,대구 달서구 신당동,35.848626,128.485295,3
용산1동,대구 달서구 용산1동,35.855627,128.528462,3
용산2동,대구 달서구 용산2동,35.859997,128.519914,3
월성1동,대구 달서구 월성1동,35.824890,128.527171,3
월성2동,대구 달서구 월성2동,35.827338,128.502935,3
유천동,대구 달서구 유천동,35.816478,128.514544,3
이곡1동,대구 달서구 이곡1동,35.856921,128.511345,3
이곡2동,대구 달서구 이곡2동,35.850604,128.503636,3
장기동,대구 달서구 장기동,35.842771,128.519692,3
죽전동,대구 달서구 죽전동,35.854583,128.538638,3
진천동,대구 달서구 진천동,35.801843,128.527022,3
가창면,대구 달성군 가창면,35.758352,128.619879,3
구지면,대구 달성군 구지면,35.657152,128.402540,3
논공읍,대구 달성군 논공읍,35.751763,128.434554,3
다사읍,대구 달성군 다사읍,35.871997,128.466017,3
옥포읍,대구 달성군 옥포읍,35.768614,128.478619,3
유가읍,대구 달성군 유가읍,35.683691,128.488110,3
하빈면,대구 달성군 하빈면,35.898017,128.430408,3
현풍읍,대구 달성군 현풍읍,35.687856,128.425885,3
화원읍,대구 달성군 화원읍,35.786470,128.511475,3
공산동,대구 동구 공산동,35.975384,128.677121,3
도평동,대구 동구 도평동,35.928540,128.688212,3
동촌동,대구 동구 동촌동,35.894855,128.656072,3
방촌동,대구 동구 방촌동,35.878081,128.664999,3
불로·봉무동,대구 동구 불로·봉무동,35.922191,128.642267,3
신암1동,대구 동구 신암1동,35.885320,128.618391,3
신암2동,대구 동구 신암2동,35.877828,128.611973,3
신암3동,대구 동구 신암3동,35.879793,128.621125,3
신암4동,대구 동구 신암4동,35.884759,128.628307,3
신암5동,대구 동구 신암5동,35.889048,128.634355,3
신천1·2동,대구 동구 신천1·2동,35.872067,128.615850,3
신천3동,대구 동구 신천3동,35.872613,128.622227,3
신천4동,대구 동구 신천4동,35.872911,128.629654,3
안심1동,대구 동구 안심1동,35.865579,128.695818,3
안심2동,대구 동구 안심2동,35.903184,128.713993,3
안심3동,대구 동구 안심3동,35.863627,128.738747,3
안심4동,대구 동구 안심4동,35.869983,128.717268,3
지저동,대구 동구 지저동,35.898719,128.640134,3
해안동,대구 동구 해안동,35.898580,128.685304,3
혁신동,대구 동구 혁신동,35.891729,128.738002,3
효목1동,대구 동구 효목1동,35.882154,128.646138,3
효목2동,대구 동구 효목2동,35.877214,128.638095,3
검단동,대구 북구 검단동,35.917259,128.622338,3
고성동,대구 북구 고성동,35.881289,128.585199,3
관문동,대구 북구 관문동,35.904936,128.536828,3
관음동,대구 북구 관음동,35.945191,128.540453,3
구암동,대구 북구 구암동,35.932340,128.567447,3
국우동,대구 북구 국우동,35.960072,128.581360,3
노원동,대구 북구 노원동,35.894670,128.569470,3
대현동,대구 북구 대현동,35.883037,128.607342,3
동천동,대구 북구 동천동,35.939367,128.559199,3
무태조야동,대구 북구 무태조야동,35.937648,128.601804,3
복현1동,대구 북구 복현1동,35.893209,128.617113,3
복현2동,대구 북구 복현2동,35.898757,128.623284,3
산격1동,대구 북구 산격1동,35.897436,128.597441,3
산격2동,대구 북구 산격2동,35.906594,128.607612,3
산격3동,대구 북구 산격3동,35.892260,128.610216,3
산격4동,대구 북구 산격4동,35.895035,128.603082,3
읍내동,대구 북구 읍내동,35.959111,128.543599,3
칠성동,대구 북구 칠성동,35.879551,128.597052,3
침산1동,대구 북구 침산1동,35.899722,128.584288,3
침산2동,대구 북구 침산2동,35.887285,128.596036,3
침산3동,대구 북구 침산3동,35.892534,128.588145,3
태전1동,대구 북구 태전1동,35.925935,128.540008,3
태전2동,대구 북구 태전2동,35.918773,128.550662,3
내당1동,대구 서구 내당1동,35.862068,128.561600,3
내당2·3동,대구 서구 내당2·3동,35.865196,128.571314,3
내당4동,대구 서구 내당4동,35.859146,128.550709,3
비산1동,대구 서구 비산1동,35.881921,128.566749,3
비산2·3동,대구 서구 비산2·3동,35.876659,128.574439,3
비산4동,대구 서구 비산4동,35.869928,128.572376,3
비산5동,대구 서구 비산5동,35.886391,128.568302,3
비산6동,대구 서구 비산6동,35.875887,128.569379,3
비산7동,대구 서구 비산7동,35.887370,128.550068,3
상중이동,대구 서구 상중이동,35.873016,128.534739,3
원대동,대구 서구 원대동,35.884024,128.576645,3
평리1동,대구 서구 평리1동,35.876220,128.565241,3
평리2동,대구 서구 평리2동,35.869256,128.565635,3
평리3동,대구 서구 평리3동,35.876153,128.558843,3
평리4동,대구 서구 평리4동,35.867640,128.557982,3
평리5동,대구 서구 평리5동,35.872267,128.550842,3
평리6동,대구 서구 평리6동,35.879270,128.550012,3
고산1동,대구 수성구 고산1동,35.811580,128.699316,3
고산2동,대구 수성구 고산2동,35.838593,128.677230,3
고산3동,대구 수성구 고산3동,35.849180,128.713987,3
두산동,대구 수성구 두산동,35.829039,128.620864,3
만촌1동,대구 수성구 만촌1동,35.871247,128.649194,3
만촌2동,대구 수성구 만촌2동,35.861623,128.650589,3
만촌3동,대구 수성구 만촌3동,35.850623,128.650532,3
범물1동,대구 수성구 범물1동,35.810282,128.660444,3
범물2동,대구 수성구 범물2동,35.810379,128.643763,3
범어1동,대구 수성구 범어1동,35.853814,128.627040,3
범어2동,대구 수성구 범어2동,35.862948,128.633350,3
범어3동,대구 수성구 범어3동,35.864243,128.622927,3
범어4동,대구 수성구 범어4동,35.853840,128.638401,3
상동,대구 수성구 상동,35.833270,128.611720,3
수성1가동,대구 수성구 수성1가동,35.854925,128.610831,3
수성2·3가동,대구 수성구 수성2·3가동,35.855347,128.617370,3
수성4가동,대구 수성구 수성4가동,35.862853,128.616121,3
중동,대구 수성구 중동,35.844903,128.612038,3
지산1동,대구 수성구 지산1동,35.830138,128.638036,3
지산2동,대구 수성구 지산2동,35.818446,128.631873,3
파동,대구 수성구 파동,35.813374,128.612940,3
황금1동,대구 수성구 황금1동,35.840930,128.638043,3
황금2동,대구 수성구 황금2동,35.845159,128.622519,3
남산1동,대구 중구 남산1동,35.860036,128.592633,3
남산2동,대구 중구 남산2동,35.864204,128.588111,3
남산3동,대구 중구 남산3동,35.859917,128.585952,3
남산4동,대구 중구 남산4동,35.860896,128.579166,3
대봉1동,대구 중구 대봉1동,35.859298,128.604690,3
대봉2동,대구 중구 대봉2동,35.857758,128.598741,3
대신동,대구 중구 대신동,35.867408,128.579098,3
동인동,대구 중구 동인동,35.870269,128.607422,3
삼덕동,대구 중구 삼덕동,35.865313,128.604030,3
성내1동,대구 중구 성내1동,35.868556,128.597201,3
성내2동,대구 중구 성내2동,35.870876,128.589337,3
성내3동,대구 중구 성내3동,35.874901,128.582516,3
대화동,대전 대덕구 대화동,36.368755,127.407473,3
덕암동,대전 대덕구 덕암동,36.430813,127.427006,3
목상동,대전 대덕구 목상동,36.441742,127.405773,3
법1동,대전 대덕구 법1동,36.370572,127.425682,3
법2동,대전 대덕구 법2동,36.375023,127.437919,3
비래동,대전 대덕구 비래동,36.363188,127.454731,3
석봉동,대전 대덕구 석봉동,36.450477,127.423077,3
송촌동,대전 대덕구 송촌동,36.364675,127.442854,3
신탄진동,대전 대덕구 신탄진동,36.441984,127.465957,3
오정동,대전 대덕구 오정동,36.354032,127.413636,3
중리동,대전 대덕구 중리동,36.361400,127.426810,3
회덕동,대전 대덕구 회덕동,36.399621,127.434266,3
가양1동,대전 동구 가양1동,36.343410,127.442250,3
가양2동,대전 동구 가양2동,36.348786,127.453487,3
대동,대전 동구 대동,36.329061,127.445815,3
대청동,대전 동구 대청동,36.376784,127.495468,3
산내동,대전 동구 산내동,36.253979,127.459546,3
삼성동,대전 동구 삼성동,36.339464,127.424261,3
성남동,대전 동구 성남동,36.343453,127.433908,3
신인동,대전 동구 신인동,36.322640,127.441080,3
용운동,대전 동구 용운동,36.332885,127.461773,3
용전동,대전 동구 용전동,36.354118,127.434509,3
자양동,대전 동구 자양동,36.337971,127.449865,3
중앙동,대전 동구 중앙동,36.331890,127.435064,3
판암1동,대전 동구 판암1동,36.315289,127.470739,3
판암2동,대전 동구 판암2동,36.321642,127.454150,3
홍도동,대전 동구 홍도동,36.347122,127.425672,3
효동,대전 동구 효동,36.310977,127.451579,3
가수원동,대전 서구 가수원동,36.289523,127.350125,3
가장동,대전 서구 가장동,36.331123,127.387598,3
갈마1동,대전 서구 갈마1동,36.348353,127.367234,3
갈마2동,대전 서구 갈마2동,36.345859,127.373902,3
관저1동,대전 서구 관저1동,36.306529,127.338251,3
관저2동,대전 서구 관저2동,36.292547,127.332743,3
괴정동,대전 서구 괴정동,36.338675,127.380065,3
기성동,대전 서구 기성동,36.242310,127.327047,3
내동,대전 서구 내동,36.334284,127.373261,3
도마1동,대전 서구 도마1동,36.318639,127.379161,3
도마2동,대전 서구 도마2동,36.319607,127.368725,3
도안동,대전 서구 도안동,36.319851,127.348295,3
둔산1동,대전 서구 둔산1동,36.353163,127.389802,3
둔산2동,대전 서구 둔산2동,36.357503,127.385387,3
둔산3동,대전 서구 둔산3동,36.353304,127.399184,3
만년동,대전 서구 만년동,36.368529,127.383260,3
변동,대전 서구 변동,36.327429,127.376659,3
복수동,대전 서구 복수동,36.302318,127.376741,3
용문동,대전 서구 용문동,36.337517,127.395742,3
월평1동,대전 서구 월평1동,36.345886,127.357757,3
월평2동,대전 서구 월평2동,36.362110,127.374824,3
월평3동,대전 서구 월평3동,36.360603,127.366667,3
정림동,대전 서구 정림동,36.291337,127.363734,3
탄방동,대전 서구 탄방동,36.345023,127.391549,3
관평동,대전 유성구 관평동,36.420443,127.398380,3
구즉동,대전 유성구 구즉동,36.461067,127.376652,3
노은1동,대전 유성구 노은1동,36.368250,127.299321,3
노은2동,대전 유성구 노은2동,36.404917,127.309396,3
노은3동,대전 유성구 노은3동,36.387864,127.299581,3
상대동,대전 유성구 상대동,36.341189,127.330107,3
신성동,대전 유성구 신성동,36.403044,127.357965,3
온천1동,대전 유성구 온천1동,36.355359,127.328039,3
온천2동,대전 유성구 온천2동,36.368683,127.348946,3
원신흥동,대전 유성구 원신흥동,36.340582,127.344536,3
전민동,대전 유성구 전민동,36.394343,127.398128,3
진잠동,대전 유성구 진잠동,36.301223,127.291593,3
학하동,대전 유성구 학하동,36.340671,127.297984,3
대사동,대전 중구 대사동,36.309626,127.422591,3
대흥동,대전 중구 대흥동,36.322666,127.424819,3
목동,대전 중구 목동,36.333536,127.409073,3
문창동,대전 중구 문창동,36.318150,127.435660,3
문화1동,대전 중구 문화1동,36.311347,127.411949,3
문화2동,대전 중구 문화2동,36.307321,127.402647,3
부사동,대전 중구 부사동,36.311075,127.431861,3
산성동,대전 중구 산성동,36.263606,127.407905,3
석교동,대전 중구 석교동,36.300564,127.440774,3
오류동,대전 중구 오류동,36.325228,127.405086,3
용두동,대전 중구 용두동,36.330018,127.406420,3
유천1동,대전 중구 유천1동,36.315458,127.392816,3
유천2동,대전 중구 유천2동,36.318295,127.399541,3
은행선화동,대전 중구 은행선화동,36.330665,127.419824,3
중촌동,대전 중구 중촌동,36.342035,127.408752,3
태평1동,대전 중구 태평1동,36.326844,127.398478,3
태평2동,대전 중구 태평2동,36.323624,127.391486,3
가덕도동,부산 강서구 가덕도동,35.041872,128.827756,3
가락동,부산 강서구 가락동,35.184721,128.894798,3
강동동,부산 강서구 강동동,35.180477,128.918946,3
녹산동,부산 강서구 녹산동,35.127467,128.856089,3
대저1동,부산 강서구 대저1동,35.210526,128.967464,3
대저2동,부산 강서구 대저2동,35.158692,128.942083,3
명지1동,부산 강서구 명지1동,35.110656,128.914859,3
명지2동,부산 강서구 명지2동,35.084210,128.903852,3
신호동,부산 강서구 신호동,35.081096,128.878115,3
구서1동,부산 금정구 구서1동,35.249223,129.092171,3
구서2동,부산 금정구 구서2동,35.255122,129.081087,3
금사회동동,부산 금정구 금사회동동,35.233259,129.123805,3
금성동,부산 금정구 금성동,35.254870,129.054020,3
남산동,부산 금정구 남산동,35.266938,129.078725,3
부곡1동,부산 금정구 부곡1동,35.224316,129.095851,3
부곡2동,부산 금정구 부곡2동,35.230677,129.095820,3
부곡3동,부산 금정구 부곡3동,35.246613,129.114469,3
부곡4동,부산 금정구 부곡4동,35.219177,129.091009,3
서1동,부산 금정구 서1동,35.217800,129.097858,3
서2동,부산 금정구 서2동,35.212831,129.104569,3
서3동,부산 금정구 서3동,35.220707,129.104852,3
선두구동,부산 금정구 선두구동,35.281495,129.111498,3
장전1동,부산 금정구 장전1동,35.241165,129.075930,3
장전2동,부산 금정구 장전2동,35.231115,129.074193,3
청룡노포동,부산 금정구 청룡노포동,35.285591,129.078944,3
기장읍,부산 기장군 기장읍,35.225571,129.208963,3
일광읍,부산 기장군 일광읍,35.287625,129.223287,3
장안읍,부산 기장군 장안읍,35.349566,129.247088,3
정관읍,부산 기장군 정관읍,35.335551,129.178989,3
철마면,부산 기장군 철마면,35.281837,129.154575,3
감만1동,부산 남구 감만1동,35.111768,129.078700,3
감만2동,부산 남구 감만2동,35.121416,129.084563,3
대연1동,부산 남구 대연1동,35.132666,129.088700,3
대연3동,부산 남구 대연3동,35.145542,129.096108,3
대연4동,부산 남구 대연4동,35.127636,129.091124,3
대연5동,부산 남구 대연5동,35.141454,129.089632,3
대연6동,부산 남구 대연6동,35.138328,129.082043,3
문현1동,부산 남구 문현1동,35.146423,129.076690,3
문현2동,부산 남구 문현2동,35.144223,129.066623,3
문현3동,부산 남구 문현3동,35.138785,129.073536,3
문현4동,부산 남구 문현4동,35.132930,129.070661,3
용당동,부산 남구 용당동,35.113437,129.097421,3
용호1동,부산 남구 용호1동,35.125745,129.109742,3
용호2동,부산 남구 용호2동,35.108192,129.119128,3
용호3동,부산 남구 용호3동,35.122076,129.119151,3
용호4동,부산 남구 용호4동,35.106957,129.107162,3
우암동,부산 남구 우암동,35.126060,129.075831,3
범일1동,부산 동구 범일1동,35.141222,129.047984,3
범일2동,부산 동구 범일2동,35.136041,129.061671,3
범일5동,부산 동구 범일5동,35.126853,129.057259,3
수정1동,부산 동구 수정1동,35.124917,129.040772,3
수정2동,부산 동구 수정2동,35.132099,129.039287,3
수정4동,부산 동구 수정4동,35.130305,129.033797,3
수정5동,부산 동구 수정5동,35.136274,129.041862,3
좌천동,부산 동구 좌천동,35.134180,129.050610,3
초량1동,부산 동구 초량1동,35.114835,129.037085,3
초량2동,부산 동구 초량2동,35.117932,129.035550,3
초량3동,부산 동구 초량3동,35.119994,129.045021,3
초량6동,부산 동구 초량6동,35.123806,129.030563,3
명륜동,부산 동래구 명륜동,35.210920,129.084973,3
명장1동,부산 동래구 명장1동,35.204575,129.106722,3
명장2동,부산 동래구 명장2동,35.209341,129.098288,3
복산동,부산 동래구 복산동,35.205564,129.090250,3
사직1동,부산 동래구 사직1동,35.198794,129.062666,3
사직2동,부산 동래구 사직2동,35.198678,129.053355,3
사직3동,부산 동래구 사직3동,35.198851,129.071280,3
수민동,부산 동래구 수민동,35.197671,129.088991,3
안락1동,부산 동래구 안락1동,35.198782,129.098970,3
안락2동,부산 동래구 안락2동,35.194260,129.109617,3
온천1동,부산 동래구 온천1동,35.220807,129.074136,3
온천2동,부산 동래구 온천2동,35.213851,129.065554,3
온천3동,부산 동래구 온천3동,35.206106,129.063997,3
가야2동,부산 부산진구 가야2동,35.146061,129.026836,3
가야제1동,부산 부산진구 가야제1동,35.147013,129.035180,3
개금1동,부산 부산진구 개금1동,35.151550,129.021725,3
개금2동,부산 부산진구 개금2동,35.142107,129.018596,3
개금3동,부산 부산진구 개금3동,35.160174,129.021721,3
당감1동,부산 부산진구 당감1동,35.168825,129.023753,3
당감2동,부산 부산진구 당감2동,35.159105,129.042067,3
당감4동,부산 부산진구 당감4동,35.170680,129.029955,3
범천1동,부산 부산진구 범천1동,35.145937,129.060280,3
범천2동,부산 부산진구 범천2동,35.148671,129.049306,3
부암1동,부산 부산진구 부암1동,35.164592,129.049041,3
부암3동,부산 부산진구 부암3동,35.175122,129.033731,3
부전1동,부산 부산진구 부전1동,35.163975,129.059348,3
부전2동,부산 부산진구 부전2동,35.154649,129.057270,3
양정1동,부산 부산진구 양정1동,35.172535,129.066569,3
양정2동,부산 부산진구 양정2동,35.172582,129.075582,3
연지동,부산 부산진구 연지동,35.171587,129.053616,3
전포1동,부산 부산진구 전포1동,35.154451,129.071765,3
전포2동,부산 부산진구 전포2동,35.162341,129.069909,3
초읍동,부산 부산진구 초읍동,35.185674,129.040669,3
구포1동,부산 북구 구포1동,35.206220,129.005140,3
구포2동,부산 북구 구포2동,35.199306,128.996954,3
구포3동,부산 북구 구포3동,35.195197,129.013900,3
금곡동,부산 북구 금곡동,35.262937,129.024196,3
덕천1동,부산 북구 덕천1동,35.216671,129.017527,3
덕천2동,부산 북구 덕천2동,35.215394,129.004278,3
덕천3동,부산 북구 덕천3동,35.206776,129.018715,3
만덕1동,부산 북구 만덕1동,35.220739,129.041230,3
만덕2동,부산 북구 만덕2동,35.205148,129.038612,3
만덕3동,부산 북구 만덕3동,35.205050,129.026926,3
화명1동,부산 북구 화명1동,35.230772,129.028214,3
화명2동,부산 북구 화명2동,35.246488,129.032658,3
화명3동,부산 북구 화명3동,35.232482,129.005198,3
감전동,부산 사상구 감전동,35.149208,128.977380,3
괘법동,부산 사상구 괘법동,35.166217,128.993271,3
덕포1동,부산 사상구 덕포1동,35.169664,128.987111,3
덕포2동,부산 사상구 덕포2동,35.176366,128.988966,3
모라1동,부산 사상구 모라1동,35.188058,128.989930,3
모라3동,부산 사상구 모라3동,35.183118,129.007653,3
삼락동,부산 사상구 삼락동,35.172198,128.971044,3
엄궁동,부산 사상구 엄궁동,35.126921,128.972233,3
주례1동,부산 사상구 주례1동,35.155638,129.000218,3
주례2동,부산 사상구 주례2동,35.151982,129.010684,3
주례3동,부산 사상구 주례3동,35.145239,129.001323,3
학장동,부산 사상구 학장동,35.137886,128.988944,3
감천1동,부산 사하구 감천1동,35.087373,129.002582,3
감천2동,부산 사하구 감천2동,35.093747,129.008772,3
괴정1동,부산 사하구 괴정1동,35.099045,128.989575,3
괴정2동,부산 사하구 괴정2동,35.105773,129.003070,3
괴정3동,부산 사하구 괴정3동,35.105279,128.996221,3
괴정4동,부산 사하구 괴정4동,35.100283,128.983504,3
구평동,부산 사하구 구평동,35.073443,128.990281,3
다대1동,부산 사하구 다대1동,35.054023,128.966126,3
다대2동,부산 사하구 다대2동,35.060448,128.984692,3
당리동,부산 사하구 당리동,35.112011,128.983623,3
신평1동,부산 사하구 신평1동,35.090508,128.975265,3
신평2동,부산 사하구 신평2동,35.090463,128.960408,3
장림1동,부산 사하구 장림1동,35.076906,128.963116,3
장림2동,부산 사하구 장림2동,35.075402,128.975671,3
하단1동,부산 사하구 하단1동,35.095671,128.944774,3
하단2동,부산 사하구 하단2동,35.114296,128.957585,3
남부민1동,부산 서구 남부민1동,35.090200,129.020926,3
남부민2동,부산 서구 남부민2동,35.084966,129.021237,3
동대신1동,부산 서구 동대신1동,35.110006,129.022047,3
동대신2동,부산 서구 동대신2동,35.113542,129.023373,3
동대신3동,부산 서구 동대신3동,35.122542,129.021449,3
부민동,부산 서구 부민동,35.104699,129.017910,3
서대신1동,부산 서구 서대신1동,35.109026,129.012496,3
서대신3동,부산 서구 서대신3동,35.114380,129.007945,3
서대신4동,부산 서구 서대신4동,35.127471,129.010432,3
아미동,부산 서구 아미동,35.100601,129.013114,3
암남동,부산 서구 암남동,35.069646,129.014422,3
초장동,부산 서구 초장동,35.094826,129.017492,3
충무동,부산 서구 충무동,35.097431,129.022815,3
광안1동,부산 수영구 광안1동,35.162538,129.109910,3
광안2동,부산 수영구 광안2동,35.154477,129.115529,3
광안3동,부산 수영구 광안3동,35.167824,129.110583,3
광안4동,부산 수영구 광안4동,35.155942,129.105352,3
남천1동,부산 수영구 남천1동,35.143712,129.109347,3
남천2동,부산 수영구 남천2동,35.143346,129.114266,3
망미1동,부산 수영구 망미1동,35.171470,129.100822,3
망미2동,부산 수영구 망미2동,35.177451,129.115182,3
민락동,부산 수영구 민락동,35.159505,129.125906,3
수영동,부산 수영구 수영동,35.170405,129.117695,3
거제1동,부산 연제구 거제1동,35.193811,129.077554,3
거제2동,부산 연제구 거제2동,35.188706,129.060137,3
거제3동,부산 연제구 거제3동,35.182452,129.071720,3
거제4동,부산 연제구 거제4동,35.181462,129.065569,3
연산1동,부산 연제구 연산1동,35.188553,129.089745,3
연산2동,부산 연제구 연산2동,35.172446,129.081275,3
연산3동,부산 연제구 연산3동,35.167646,129.091016,3
연산4동,부산 연제구 연산4동,35.184252,129.086522,3
연산5동,부산 연제구 연산5동,35.183787,129.077996,3
연산6동,부산 연제구 연산6동,35.172175,129.088506,3
연산8동,부산 연제구 연산8동,35.186540,129.097061,3
연산9동,부산 연제구 연산9동,35.184037,129.106883,3
남항동,부산 영도구 남항동,35.089192,129.036954,3
동삼1동,부산 영도구 동삼1동,35.075115,129.067388,3
동삼2동,부산 영도구 동삼2동,35.064147,129.083305,3
동삼3동,부산 영도구 동삼3동,35.084056,129.068312,3
봉래1동,부산 영도구 봉래1동,35.094377,129.043221,3
봉래2동,부산 영도구 봉래2동,35.093161,129.051133,3
신선동,부산 영도구 신선동,35.084871,129.048880,3
영선1동,부산 영도구 영선1동,35.089217,129.043225,3
영선2동,부산 영도구 영선2동,35.079623,129.047147,3
청학1동,부산 영도구 청학1동,35.095767,129.056638,3
청학2동,부산 영도구 청학2동,35.089714,129.063338,3
광복동,부산 중구 광복동,35.100394,129.031069,3
남포동,부산 중구 남포동,35.097580,129.030038,3
대청동,부산 중구 대청동,35.105274,129.031075,3
동광동,부산 중구 동광동,35.104468,129.034297,3
보수동,부산 중구 보수동,35.106420,129.025179,3
부평동,부산 중구 부평동,35.101223,129.025207,3
영주1동,부산 중구 영주1동,35.111892,129.035269,3
영주2동,부산 중구 영주2동,35.112572,129.030494,3
중앙동,부산 중구 중앙동,35.105056,129.038455,3
반송1동,부산 해운대구 반송1동,35.220722,129.143670,3
반송2동,부산 해운대구 반송2동,35.235225,129.151887,3
반여1동,부산 해운대구 반여1동,35.206874,129.130393,3
반여2동,부산 해운대구 반여2동,35.195494,129.135042,3
반여3동,부산 해운대구 반여3동,35.200443,129.141521,3
반여4동,부산 해운대구 반여4동,35.208144,129.115605,3
송정동,부산 해운대구 송정동,35.185133,129.197597,3
우1동,부산 해운대구 우1동,35.177167,129.154867,3
우2동,부산 해운대구 우2동,35.172025,129.137975,3
우3동,부산 해운대구 우3동,35.158934,129.143719,3
재송1동,부산 해운대구 재송1동,35.182765,129.127575,3
재송2동,부산 해운대구 재송2동,35.190594,129.131841,3
좌1동,부산 해운대구 좌1동,35.173765,129.176128,3
좌2동,부산 해운대구 좌2동,35.169851,129.184460,3
좌3동,부산 해운대구 좌3동,35.173169,129.167470,3
좌4동,부산 해운대구 좌4동,35.189764,129.172974,3
중1동,부산 해운대구 중1동,35.163811,129.169556,3
중2동,부산 해운대구 중2동,35.160865,129.183968,3
개포1동,서울 강남구 개포1동,37.479284,127.064709,3
개포2동,서울 강남구 개포2동,37.486477,127.067635,3
개포3동,서울 강남구 개포3동,37.495474,127.079317,3
개포4동,서울 강남구 개포4동,37.475552,127.053236,3
논현1동,서울 강남구 논현1동,37.511909,127.026496,3
논현2동,서울 강남구 논현2동,37.515206,127.036218,3
대치1동,서울 강남구 대치1동,37.493391,127.058966,3
대치2동,서울 강남구 대치2동,37.500575,127.066415,3
대치4동,서울 강남구 대치4동,37.501661,127.054899,3
도곡1동,서울 강남구 도곡1동,37.489045,127.040976,3
도곡2동,서울 강남구 도곡2동,37.488211,127.049654,3
삼성1동,서울 강남구 삼성1동,37.515397,127.060628,3
삼성2동,서울 강남구 삼성2동,37.511839,127.048760,3
세곡동,서울 강남구 세곡동,37.471075,127.104348,3
수서동,서울 강남구 수서동,37.486837,127.100569,3
신사동,서울 강남구 신사동,37.525718,127.021395,3
압구정동,서울 강남구 압구정동,37.529670,127.034395,3
역삼1동,서울 강남구 역삼1동,37.500889,127.035491,3
역삼2동,서울 강남구 역삼2동,37.498502,127.044891,3
일원1동,서울 강남구 일원1동,37.493386,127.089247,3
일원본동,서울 강남구 일원본동,37.482370,127.084674,3
청담동,서울 강남구 청담동,37.524611,127.050478,3
강일동,서울 강동구 강일동,37.568971,127.173408,3
고덕1동,서울 강동구 고덕1동,37.561653,127.150950,3
고덕2동,서울 강동구 고덕2동,37.565177,127.162871,3
길동,서울 강동구 길동,37.539725,127.145907,3
둔촌1동,서울 강동구 둔촌1동,37.523145,127.140436,3
둔촌2동,서울 강동구 둔촌2동,37.531514,127.147414,3
명일1동,서울 강동구 명일1동,37.550371,127.145940,3
명일2동,서울 강동구 명일2동,37.548289,127.154204,3
상일제1동,서울 강동구 상일제1동,37.550745,127.164842,3
상일제2동,서울 강동구 상일제2동,37.551956,127.177322,3
성내1동,서울 강동구 성내1동,37.528764,127.125519,3
성내2동,서울 강동구 성내2동,37.534364,127.127736,3
성내3동,서울 강동구 성내3동,37.528404,127.133797,3
암사1동,서울 강동구 암사1동,37.551855,127.134585,3
암사2동,서울 강동구 암사2동,37.557381,127.123242,3
암사3동,서울 강동구 암사3동,37.561243,127.138575,3
천호1동,서울 강동구 천호1동,37.546319,127.138582,3
천호2동,서울 강동구 천호2동,37.544691,127.122276,3
천호3동,서울 강동구 천호3동,37.539654,127.133195,3
미아동,서울 강북구 미아동,37.628700,127.026293,3
번1동,서울 강북구 번1동,37.637626,127.030544,3
번2동,서울 강북구 번2동,37.629515,127.034795,3
번3동,서울 강북구 번3동,37.623782,127.042335,3
삼각산동,서울 강북구 삼각산동,37.617127,127.016831,3
삼양동,서울 강북구 삼양동,37.623792,127.014684,3
송중동,서울 강북구 송중동,37.617705,127.032922,3
송천동,서울 강북구 송천동,37.618222,127.024872,3
수유1동,서울 강북구 수유1동,37.629927,127.008839,3
수유2동,서울 강북구 수유2동,37.645402,127.019504,3
수유3동,서울 강북구 수유3동,37.640455,127.023546,3
우이동,서울 강북구 우이동,37.660353,127.000323,3
인수동,서울 강북구 인수동,37.637641,127.003963,3
가양1동,서울 강서구 가양1동,37.571913,126.834985,3
가양2동,서울 강서구 가양2동,37.567016,126.853460,3
가양3동,서울 강서구 가양3동,37.561699,126.860942,3
공항동,서울 강서구 공항동,37.555910,126.794852,3
등촌1동,서울 강서구 등촌1동,37.555856,126.859634,3
등촌2동,서울 강서구 등촌2동,37.545736,126.860025,3
등촌3동,서울 강서구 등촌3동,37.561055,126.846339,3
발산1동,서울 강서구 발산1동,37.550557,126.825091,3
방화1동,서울 강서구 방화1동,37.568618,126.817616,3
방화2동,서울 강서구 방화2동,37.583056,126.803954,3
방화3동,서울 강서구 방화3동,37.582181,126.817598,3
염창동,서울 강서구 염창동,37.554379,126.871765,3
우장산동,서울 강서구 우장산동,37.550572,126.841015,3
화곡1동,서울 강서구 화곡1동,37.533780,126.840936,3
화곡2동,서울 강서구 화곡2동,37.532278,126.854367,3
화곡3동,서울 강서구 화곡3동,37.544037,126.834282,3
화곡4동,서울 강서구 화곡4동,37.536098,126.858575,3
화곡6동,서울 강서구 화곡6동,37.551722,126.851166,3
화곡8동,서울 강서구 화곡8동,37.534221,126.848634,3
화곡본동,서울 강서구 화곡본동,37.542574,126.848163,3
낙성대동,서울 관악구 낙성대동,37.467231,126.960046,3
난곡동,서울 관악구 난곡동,37.470495,126.921049,3
난향동,서울 관악구 난향동,37.461589,126.918267,3
남현동,서울 관악구 남현동,37.462472,126.976640,3
대학동,서울 관악구 대학동,37.453208,126.948401,3
미성동,서울 관악구 미성동,37.475938,126.915426,3
보라매동,서울 관악구 보라매동,37.490358,126.932595,3
삼성동,서울 관악구 삼성동,37.460669,126.930137,3
서림동,서울 관악구 서림동,37.473548,126.939210,3
서원동,서울 관악구 서원동,37.480602,126.933444,3
성현동,서울 관악구 성현동,37.489515,126.951167,3
신림동,서울 관악구 신림동,37.486900,126.927613,3
신사동,서울 관악구 신사동,37.485626,126.918753,3
신원동,서울 관악구 신원동,37.479300,126.926699,3
은천동,서울 관악구 은천동,37.486821,126.942209,3
인헌동,서울 관악구 인헌동,37.472078,126.966618,3
조원동,서울 관악구 조원동,37.482938,126.907525,3
중앙동,서울 관악구 중앙동,37.484123,126.950618,3
청룡동,서울 관악구 청룡동,37.478049,126.945884,3
청림동,서울 관악구 청림동,37.489415,126.959570,3
행운동,서울 관악구 행운동,37.480904,126.960622,3
광장동,서울 광진구 광장동,37.548283,127.104873,3
구의1동,서울 광진구 구의1동,37.541490,127.086031,3
구의2동,서울 광진구 구의2동,37.551002,127.094450,3
구의3동,서울 광진구 구의3동,37.535092,127.095235,3
군자동,서울 광진구 군자동,37.553066,127.073681,3
능동,서울 광진구 능동,37.550657,127.081645,3
자양1동,서울 광진구 자양1동,37.535543,127.080415,3
자양2동,서울 광진구 자양2동,37.529335,127.083255,3
자양3동,서울 광진구 자양3동,37.531690,127.071199,3
자양4동,서울 광진구 자양4동,37.533892,127.063766,3
중곡1동,서울 광진구 중곡1동,37.562037,127.077722,3
중곡2동,서울 광진구 중곡2동,37.558909,127.084588,3
중곡3동,서울 광진구 중곡3동,37.567851,127.081970,3
중곡4동,서울 광진구 중곡4동,37.563912,127.094449,3
화양동,서울 광진구 화양동,37.543265,127.073460,3
가리봉동,서울 구로구 가리봉동,37.482555,126.888256,3
개봉1동,서울 구로구 개봉1동,37.499885,126.849876,3
개봉2동,서울 구로구 개봉2동,37.492730,126.856364,3
개봉3동,서울 구로구 개봉3동,37.486836,126.852411,3
고척1동,서울 구로구 고척1동,37.500659,126.863398,3
고척2동,서울 구로구 고척2동,37.505855,126.853312,3
구로1동,서울 구로구 구로1동,37.493032,126.875460,3
구로2동,서울 구로구 구로2동,37.497455,126.879494,3
구로3동,서울 구로구 구로3동,37.484878,126.894983,3
구로4동,서울 구로구 구로4동,37.491536,126.890198,3
구로5동,서울 구로구 구로5동,37.502030,126.888480,3
수궁동,서울 구로구 수궁동,37.498498,126.826099,3
신도림동,서울 구로구 신도림동,37.509734,126.882847,3
오류1동,서울 구로구 오류1동,37.496964,126.841634,3
오류2동,서울 구로구 오류2동,37.485271,126.838376,3
항동,서울 구로구 항동,37.481023,126.824479,3
가산동,서울 금천구 가산동,37.476835,126.884341,3
독산1동,서울 금천구 독산1동,37.464199,126.892720,3
독산2동,서울 금천구 독산2동,37.463826,126.902554,3
독산3동,서울 금천구 독산3동,37.475933,126.904594,3
독산4동,서울 금천구 독산4동,37.469219,126.904052,3
시흥1동,서울 금천구 시흥1동,37.452887,126.900147,3
시흥2동,서울 금천구 시흥2동,37.450590,126.920072,3
시흥3동,서울 금천구 시흥3동,37.440276,126.905925,3
시흥4동,서울 금천구 시흥4동,37.460078,126.909105,3
시흥5동,서울 금천구 시흥5동,37.448750,126.912431,3
공릉1동,서울 노원구 공릉1동,37.624119,127.072770,3
공릉2동,서울 노원구 공릉2동,37.631614,127.094228,3
상계10동,서울 노원구 상계10동,37.659644,127.058399,3
상계1동,서울 노원구 상계1동,37.683238,127.065296,3
상계2동,서울 노원구 상계2동,37.656488,127.067265,3
상계3·4동,서울 노원구 상계3·4동,37.675146,127.083267,3
상계5동,서울 노원구 상계5동,37.663221,127.069599,3
상계6·7동,서울 노원구 상계6·7동,37.648750,127.060092,3
상계8동,서울 노원구 상계8동,37.666290,127.053650,3
상계9동,서울 노원구 상계9동,37.668070,127.062497,3
월계1동,서울 노원구 월계1동,37.621805,127.058603,3
월계2동,서울 노원구 월계2동,37.634075,127.051207,3
월계3동,서울 노원구 월계3동,37.624656,127.064893,3
중계1동,서울 노원구 중계1동,37.650017,127.073500,3
중계2·3동,서울 노원구 중계2·3동,37.643344,127.065888,3
중계4동,서울 노원구 중계4동,37.658847,127.082242,3
중계본동,서울 노원구 중계본동,37.648136,127.085761,3
하계1동,서울 노원구 하계1동,37.638618,127.074809,3
하계2동,서울 노원구 하계2동,37.634839,127.064822,3
도봉1동,서울 도봉구 도봉1동,37.685084,127.026794,3
도봉2동,서울 도봉구 도봉2동,37.681188,127.047791,3
방학1동,서울 도봉구 방학1동,37.665033,127.043518,3
방학2동,서울 도봉구 방학2동,37.669145,127.032260,3
방학3동,서울 도봉구 방학3동,37.662796,127.023470,3
쌍문1동,서울 도봉구 쌍문1동,37.653025,127.019511,3
쌍문2동,서울 도봉구 쌍문2동,37.657062,127.037002,3
쌍문3동,서울 도봉구 쌍문3동,37.647687,127.030586,3
쌍문4동,서울 도봉구 쌍문4동,37.655551,127.030408,3
창1동,서울 도봉구 창1동,37.647135,127.043564,3
창2동,서울 도봉구 창2동,37.642626,127.036825,3
창3동,서울 도봉구 창3동,37.637361,127.041628,3
창4동,서울 도봉구 창4동,37.652578,127.050927,3
창5동,서울 도봉구 창5동,37.655360,127.042767,3
답십리1동,서울 동대문구 답십리1동,37.570944,127.051699,3
답십리2동,서울 동대문구 답십리2동,37.570892,127.061114,3
신설동,서울 동대문구 신설동,37.575069,127.028175,3
용두동,서울 동대문구 용두동,37.576230,127.036957,3
이문1동,서울 동대문구 이문1동,37.597222,127.060292,3
이문2동,서울 동대문구 이문2동,37.602834,127.067492,3
장안1동,서울 동대문구 장안1동,37.566231,127.068589,3
장안2동,서울 동대문구 장안2동,37.575760,127.072538,3
전농1동,서울 동대문구 전농1동,37.579009,127.051019,3
전농2동,서울 동대문구 전농2동,37.580721,127.061143,3
제기동,서울 동대문구 제기동,37.583677,127.037242,3
청량리동,서울 동대문구 청량리동,37.588941,127.045119,3
회기동,서울 동대문구 회기동,37.593701,127.051407,3
휘경1동,서울 동대문구 휘경1동,37.591873,127.062475,3
휘경2동,서울 동대문구 휘경2동,37.586506,127.066436,3
노량진1동,서울 동작구 노량진1동,37.512341,126.949276,3
노량진2동,서울 동작구 노량진2동,37.510820,126.938053,3
대방동,서울 동작구 대방동,37.507114,126.928026,3
사당1동,서울 동작구 사당1동,37.479717,126.977409,3
사당2동,서울 동작구 사당2동,37.497025,126.974945,3
사당3동,서울 동작구 사당3동,37.488812,126.970862,3
사당4동,서울 동작구 사당4동,37.480591,126.970770,3
사당5동,서울 동작구 사당5동,37.485804,126.965040,3
상도1동,서울 동작구 상도1동,37.498328,126.953470,3
상도2동,서울 동작구 상도2동,37.503674,126.942060,3
상도3동,서울 동작구 상도3동,37.497227,126.933353,3
상도4동,서울 동작구 상도4동,37.497429,126.940763,3
신대방1동,서울 동작구 신대방1동,37.489948,126.910705,3
신대방2동,서울 동작구 신대방2동,37.494309,126.921531,3
흑석동,서울 동작구 흑석동,37.505338,126.962445,3
공덕동,서울 마포구 공덕동,37.549132,126.957875,3
대흥동,서울 마포구 대흥동,37.552122,126.941401,3
도화동,서울 마포구 도화동,37.538626,126.949025,3
망원1동,서울 마포구 망원1동,37.553472,126.900327,3
망원2동,서울 마포구 망원2동,37.559196,126.900488,3
상암동,서울 마포구 상암동,37.570676,126.880208,3
서강동,서울 마포구 서강동,37.546809,126.925994,3
서교동,서울 마포구 서교동,37.554772,126.920945,3
성산1동,서울 마포구 성산1동,37.561982,126.911845,3
성산2동,서울 마포구 성산2동,37.568106,126.902043,3
신수동,서울 마포구 신수동,37.545498,126.934790,3
아현동,서울 마포구 아현동,37.551926,126.952841,3
연남동,서울 마포구 연남동,37.563030,126.921545,3
염리동,서울 마포구 염리동,37.549825,126.947546,3
용강동,서울 마포구 용강동,37.541495,126.942227,3
합정동,서울 마포구 합정동,37.546908,126.909336,3
남가좌1동,서울 서대문구 남가좌1동,37.571695,126.916202,3
남가좌2동,서울 서대문구 남가좌2동,37.577624,126.921330,3
북가좌1동,서울 서대문구 북가좌1동,37.575268,126.908003,3
북가좌2동,서울 서대문구 북가좌2동,37.581004,126.913501,3
북아현동,서울 서대문구 북아현동,37.559248,126.955518,3
신촌동,서울 서대문구 신촌동,37.563636,126.941063,3
연희동,서울 서대문구 연희동,37.572006,126.932735,3
천연동,서울 서대문구 천연동,37.571215,126.957141,3
충현동,서울 서대문구 충현동,37.563908,126.958098,3
홍은1동,서울 서대문구 홍은1동,37.599979,126.947026,3
홍은2동,서울 서대문구 홍은2동,37.586991,126.932173,3
홍제1동,서울 서대문구 홍제1동,37.581541,126.945201,3
홍제2동,서울 서대문구 홍제2동,37.584547,126.952527,3
홍제3동,서울 서대문구 홍제3동,37.592023,126.951160,3
내곡동,서울 서초구 내곡동,37.456522,127.070548,3
반포1동,서울 서초구 반포1동,37.505506,127.016631,3
반포2동,서울 서초구 반포2동,37.506132,126.995905,3
반포3동,서울 서초구 반포3동,37.512408,127.003592,3
반포4동,서울 서초구 반포4동,37.499581,127.003289,3
반포본동,서울 서초구 반포본동,37.504393,126.987704,3
방배1동,서울 서초구 방배1동,37.484913,126.996304,3
방배2동,서울 서초구 방배2동,37.473016,126.988486,3
방배3동,서울 서초구 방배3동,37.474320,126.997900,3
방배4동,서울 서초구 방배4동,37.489819,126.990987,3
방배본동,서울 서초구 방배본동,37.494949,126.987765,3
서초1동,서울 서초구 서초1동,37.486955,127.020138,3
서초2동,서울 서초구 서초2동,37.488817,127.027910,3
서초3동,서울 서초구 서초3동,37.485431,127.009592,3
서초4동,서울 서초구 서초4동,37.498985,127.019964,3
양재1동,서울 서초구 양재1동,37.469558,127.022531,3
양재2동,서울 서초구 양재2동,37.451148,127.045905,3
잠원동,서울 서초구 잠원동,37.517638,127.013039,3
금호1가동,서울 성동구 금호1가동,37.553669,127.025056,3
금호2·3가동,서울 성동구 금호2·3가동,37.551429,127.019893,3
금호4가동,서울 성동구 금호4가동,37.545523,127.024354,3
마장동,서울 성동구 마장동,37.567637,127.040491,3
사근동,서울 성동구 사근동,37.558015,127.045434,3
성수1가1동,서울 성동구 성수1가1동,37.540873,127.042096,3
성수1가2동,서울 성동구 성수1가2동,37.549074,127.043952,3
성수2가1동,서울 성동구 성수2가1동,37.536655,127.055282,3
성수2가3동,서울 성동구 성수2가3동,37.545542,127.058143,3
송정동,서울 성동구 송정동,37.552333,127.065698,3
옥수동,서울 성동구 옥수동,37.540819,127.020858,3
왕십리2동,서울 성동구 왕십리2동,37.561498,127.027690,3
왕십리도선동,서울 성동구 왕십리도선동,37.566791,127.029569,3
용답동,서울 성동구 용답동,37.558540,127.057849,3
응봉동,서울 성동구 응봉동,37.550989,127.033981,3
행당1동,서울 성동구 행당1동,37.559020,127.036056,3
행당2동,서울 성동구 행당2동,37.556676,127.029504,3
길음1동,서울 성북구 길음1동,37.608112,127.019735,3
길음2동,서울 성북구 길음2동,37.607971,127.027231,3
돈암1동,서울 성북구 돈암1동,37.599327,127.024042,3
돈암2동,서울 성북구 돈암2동,37.597275,127.011628,3
동선동,서울 성북구 동선동,37.593736,127.018427,3
보문동,서울 성북구 보문동,37.582603,127.019218,3
삼선동,서울 성북구 삼선동,37.586619,127.011796,3
석관동,서울 성북구 석관동,37.608260,127.061336,3
성북동,서울 성북구 성북동,37.595868,126.996150,3
안암동,서울 성북구 안암동,37.587252,127.027308,3
월곡1동,서울 성북구 월곡1동,37.607878,127.036448,3
월곡2동,서울 성북구 월곡2동,37.603300,127.045192,3
장위1동,서울 성북구 장위1동,37.614944,127.044264,3
장위2동,서울 성북구 장위2동,37.612224,127.051728,3
장위3동,서울 성북구 장위3동,37.618178,127.053495,3
정릉1동,서울 성북구 정릉1동,37.603261,127.016651,3
정릉2동,서울 성북구 정릉2동,37.603794,127.008119,3
정릉3동,서울 성북구 정릉3동,37.612263,126.993765,3
정릉4동,서울 성북구 정릉4동,37.623511,126.995180,3
종암동,서울 성북구 종암동,37.597250,127.033375,3
가락1동,서울 송파구 가락1동,37.495329,127.108235,3
가락2동,서울 송파구 가락2동,37.495860,127.130643,3
가락본동,서울 송파구 가락본동,37.497217,127.121640,3
거여1동,서울 송파구 거여1동,37.494386,127.141677,3
거여2동,서울 송파구 거여2동,37.492375,127.147174,3
마천1동,서울 송파구 마천1동,37.494784,127.155725,3
마천2동,서울 송파구 마천2동,37.500329,127.151458,3
문정1동,서울 송파구 문정1동,37.488173,127.126859,3
문정2동,서울 송파구 문정2동,37.480694,127.119136,3
방이1동,서울 송파구 방이1동,37.509772,127.122315,3
방이2동,서울 송파구 방이2동,37.513255,127.113827,3
삼전동,서울 송파구 삼전동,37.501720,127.091906,3
석촌동,서울 송파구 석촌동,37.502724,127.102462,3
송파1동,서울 송파구 송파1동,37.507168,127.110322,3
송파2동,서울 송파구 송파2동,37.502835,127.116831,3
오금동,서울 송파구 오금동,37.503990,127.134398,3
오륜동,서울 송파구 오륜동,37.517658,127.128507,3
위례동,서울 송파구 위례동,37.481661,127.141243,3
잠실2동,서울 송파구 잠실2동,37.517719,127.078819,3
잠실3동,서울 송파구 잠실3동,37.513638,127.094319,3
잠실4동,서울 송파구 잠실4동,37.521255,127.108152,3
잠실6동,서울 송파구 잠실6동,37.519065,127.099982,3
잠실7동,서울 송파구 잠실7동,37.507481,127.074098,3
잠실본동,서울 송파구 잠실본동,37.505507,127.082294,3
장지동,서울 송파구 장지동,37.482789,127.131629,3
풍납1동,서울 송파구 풍납1동,37.538239,127.114300,3
풍납2동,서울 송파구 풍납2동,37.529850,127.110127,3
목1동,서울 양천구 목1동,37.527444,126.875099,3
목2동,서울 양천구 목2동,37.543594,126.874099,3
목3동,서울 양천구 목3동,37.545200,126.865411,3
목4동,서울 양천구 목4동,37.535437,126.866896,3
목5동,서울 양천구 목5동,37.536061,126.879903,3
신월1동,서울 양천구 신월1동,37.531249,126.834533,3
신월2동,서울 양천구 신월2동,37.523397,126.846330,3
신월3동,서울 양천구 신월3동,37.532326,126.827477,3
신월4동,서울 양천구 신월4동,37.522249,126.839821,3
신월5동,서울 양천구 신월5동,37.540867,126.829423,3
신월6동,서울 양천구 신월6동,37.515974,126.842129,3
신월7동,서울 양천구 신월7동,37.518993,126.830613,3
신정1동,서울 양천구 신정1동,37.518877,126.859634,3
신정2동,서울 양천구 신정2동,37.518953,126.875178,3
신정3동,서울 양천구 신정3동,37.511471,126.841016,3
신정4동,서울 양천구 신정4동,37.525409,126.857571,3
신정6동,서울 양천구 신정6동,37.515911,126.869644,3
신정7동,서울 양천구 신정7동,37.510116,126.864683,3
당산1동,서울 영등포구 당산1동,37.523930,126.896850,3
당산2동,서울 영등포구 당산2동,37.533719,126.902867,3
대림1동,서울 영등포구 대림1동,37.493769,126.905262,3
대림2동,서울 영등포구 대림2동,37.489635,126.900644,3
대림3동,서울 영등포구 대림3동,37.499868,126.897272,3
도림동,서울 영등포구 도림동,37.509277,126.901236,3
문래동,서울 영등포구 문래동,37.516380,126.891472,3
신길1동,서울 영등포구 신길1동,37.512338,126.919509,3
신길3동,서울 영등포구 신길3동,37.506447,126.905886,3
신길4동,서울 영등포구 신길4동,37.507285,126.912918,3
신길5동,서울 영등포구 신길5동,37.501117,126.905554,3
신길6동,서울 영등포구 신길6동,37.499157,126.913542,3
신길7동,서울 영등포구 신길7동,37.505798,126.919803,3
양평1동,서울 영등포구 양평1동,37.525074,126.887073,3
양평2동,서울 영등포구 양평2동,37.543485,126.890656,3
여의동,서울 영등포구 여의동,37.528656,126.928636,3
영등포동,서울 영등포구 영등포동,37.521522,126.907842,3
영등포본동,서울 영등포구 영등포본동,37.513723,126.909696,3
남영동,서울 용산구 남영동,37.543801,126.974836,3
보광동,서울 용산구 보광동,37.525871,127.001262,3
서빙고동,서울 용산구 서빙고동,37.519380,126.988919,3
용문동,서울 용산구 용문동,37.538146,126.958583,3
용산2가동,서울 용산구 용산2가동,37.537898,126.985070,3
원효로1동,서울 용산구 원효로1동,37.537470,126.966560,3
원효로2동,서울 용산구 원효로2동,37.533694,126.952438,3
이촌1동,서울 용산구 이촌1동,37.515442,126.971695,3
이촌2동,서울 용산구 이촌2동,37.522704,126.954317,3
이태원1동,서울 용산구 이태원1동,37.533395,126.993249,3
이태원2동,서울 용산구 이태원2동,37.541660,126.992134,3
청파동,서울 용산구 청파동,37.547477,126.966879,3
한강로동,서울 용산구 한강로동,37.529141,126.968605,3
한남동,서울 용산구 한남동,37.537102,127.005801,3
효창동,서울 용산구 효창동,37.542833,126.960912,3
후암동,서울 용산구 후암동,37.549958,126.980596,3
갈현1동,서울 은평구 갈현1동,37.625352,126.914887,3
갈현2동,서울 은평구 갈현2동,37.618284,126.912124,3
구산동,서울 은평구 구산동,37.611064,126.907646,3
녹번동,서울 은평구 녹번동,37.605415,126.935050,3
대조동,서울 은평구 대조동,37.612280,126.923096,3
불광1동,서울 은평구 불광1동,37.617313,126.939271,3
불광2동,서울 은평구 불광2동,37.624373,126.928650,3
수색동,서울 은평구 수색동,37.585771,126.894901,3
신사1동,서울 은평구 신사1동,37.598994,126.908843,3
신사2동,서울 은평구 신사2동,37.592891,126.906286,3
역촌동,서울 은평구 역촌동,37.604569,126.914529,3
응암1동,서울 은평구 응암1동,37.598255,126.926900,3
응암2동,서울 은평구 응암2동,37.591885,126.923025,3
응암3동,서울 은평구 응암3동,37.588654,126.917745,3
증산동,서울 은평구 증산동,37.583781,126.905811,3
진관동,서울 은평구 진관동,37.639279,126.940518,3
가회동,서울 종로구 가회동,37.582677,126.986618,3
교남동,서울 종로구 교남동,37.571053,126.964160,3
무악동,서울 종로구 무악동,37.577741,126.958989,3
부암동,서울 종로구 부암동,37.596699,126.962557,3
사직동,서울 종로구 사직동,37.574108,126.970143,3
삼청동,서울 종로구 삼청동,37.588014,126.981114,3
숭인1동,서울 종로구 숭인1동,37.577226,127.016863,3
숭인2동,서울 종로구 숭인2동,37.574307,127.020638,3
이화동,서울 종로구 이화동,37.579690,127.003069,3
종로1·2·3·4가동,서울 종로구 종로1·2·3·4가동,37.575076,126.989733,3
종로5·6가동,서울 종로구 종로5·6가동,37.573016,127.004240,3
창신1동,서울 종로구 창신1동,37.572263,127.014019,3
창신2동,서울 종로구 창신2동,37.575755,127.010253,3
창신3동,서울 종로구 창신3동,37.578819,127.013209,3
청운효자동,서울 종로구 청운효자동,37.584658,126.970418,3
평창동,서울 종로구 평창동,37.613965,126.969274,3
혜화동,서울 종로구 혜화동,37.587471,126.997689,3
광희동,서울 중구 광희동,37.565204,127.003624,3
다산동,서울 중구 다산동,37.554703,127.008264,3
동화동,서울 중구 동화동,37.560594,127.018671,3
명동,서울 중구 명동,37.563728,126.984355,3
소공동,서울 중구 소공동,37.564297,126.974359,3
신당5동,서울 중구 신당5동,37.563582,127.022018,3
신당동,서울 중구 신당동,37.565747,127.013774,3
약수동,서울 중구 약수동,37.549837,127.010238,3
을지로동,서울 중구 을지로동,37.566641,126.996493,3
장충동,서울 중구 장충동,37.555610,127.002280,3
중림동,서울 중구 중림동,37.557318,126.965961,3
청구동,서울 중구 청구동,37.556855,127.014988,3
필동,서울 중구 필동,37.556803,126.993849,3
황학동,서울 중구 황학동,37.568419,127.020798,3
회현동,서울 중구 회현동,37.556968,126.976709,3
망우3동,서울 중랑구 망우3동,37.591808,127.102940,3
망우본동,서울 중랑구 망우본동,37.601987,127.107536,3
면목2동,서울 중랑구 면목2동,37.589378,127.078144,3
면목3·8동,서울 중랑구 면목3·8동,37.584596,127.097381,3
면목4동,서울 중랑구 면목4동,37.573477,127.086474,3
면목5동,서울 중랑구 면목5동,37.582973,127.079666,3
면목7동,서울 중랑구 면목7동,37.577295,127.092691,3
면목본동,서울 중랑구 면목본동,37.588341,127.089531,3
묵1동,서울 중랑구 묵1동,37.613736,127.082450,3
묵2동,서울 중랑구 묵2동,37.610372,127.074666,3
상봉1동,서울 중랑구 상봉1동,37.602025,127.089469,3
상봉2동,서울 중랑구 상봉2동,37.594245,127.083898,3
신내1동,서울 중랑구 신내1동,37.612802,127.104507,3
신내2동,서울 중랑구 신내2동,37.610951,127.091617,3
중화1동,서울 중랑구 중화1동,37.602287,127.083150,3
중화2동,서울 중랑구 중화2동,37.598723,127.075208,3
고운동,세종 세종시 고운동,36.518698,127.235544,3
금남면,세종 세종시 금남면,36.451834,127.298381,3
나성동,세종 세종시 나성동,36.500200,127.285081,3
다정동,세종 세종시 다정동,36.494858,127.244791,3
대평동,세종 세종시 대평동,36.470425,127.274192,3
도담동,세종 세종시 도담동,36.514436,127.260465,3
반곡동,세종 세종시 반곡동,36.513655,127.321766,3
보람동,세종 세종시 보람동,36.477767,127.289905,3
부강면,세종 세종시 부강면,36.523939,127.378559,3
새롬동,세종 세종시 새롬동,36.485463,127.249129,3
소담동,세종 세종시 소담동,36.484342,127.301096,3
소정면,세종 세종시 소정면,36.714303,127.169134,3
아름동,세종 세종시 아름동,36.517722,127.249645,3
어진동,세종 세종시 어진동,36.501289,127.263991,3
연기면,세종 세종시 연기면,36.544612,127.250338,3
연동면,세종 세종시 연동면,36.552817,127.329360,3
연서면,세종 세종시 연서면,36.584473,127.245928,3
장군면,세종 세종시 장군면,36.502984,127.207658,3
전동면,세종 세종시 전동면,36.656483,127.250869,3
전의면,세종 세종시 전의면,36.661290,127.188222,3
조치원읍,세종 세종시 조치원읍,36.607975,127.286742,3
종촌동,세종 세종시 종촌동,36.503520,127.247693,3
한솔동,세종 세종시 한솔동,36.473252,127.249388,3
해밀동,세종 세종시 해밀동,36.531493,127.273903,3
달동,울산 남구 달동,35.535707,129.322087,3
대현동,울산 남구 대현동,35.526617,129.327813,3
무거동,울산 남구 무거동,35.542267,129.253938,3
삼산동,울산 남구 삼산동,35.541924,129.341555,3
삼호동,울산 남구 삼호동,35.548502,129.275511,3
선암동,울산 남구 선암동,35.491837,129.347484,3
수암동,울산 남구 수암동,35.522421,129.318827,3
신정1동,울산 남구 신정1동,35.543569,129.304754,3
신정2동,울산 남구 신정2동,35.529040,129.303797,3
신정3동,울산 남구 신정3동,35.545244,129.313968,3
신정4동,울산 남구 신정4동,35.529045,129.314987,3
신정5동,울산 남구 신정5동,35.545687,129.321139,3
야음장생포동,울산 남구 야음장생포동,35.519992,129.359930,3
옥동,울산 남구 옥동,35.524126,129.287776,3
남목1동,울산 동구 남목1동,35.538539,129.415439,3
남목2동,울산 동구 남목2동,35.526577,129.427454,3
남목3동,울산 동구 남목3동,35.551228,129.437011,3
대송동,울산 동구 대송동,35.505599,129.413904,3
방어동,울산 동구 방어동,35.493497,129.410800,3
일산동,울산 동구 일산동,35.498013,129.434602,3
전하1동,울산 동구 전하1동,35.515991,129.430424,3
전하2동,울산 동구 전하2동,35.509552,129.425980,3
화정동,울산 동구 화정동,35.494319,129.420698,3
강동동,울산 북구 강동동,35.615221,129.418649,3
농소1동,울산 북구 농소1동,35.629789,129.368280,3
농소2동,울산 북구 농소2동,35.658831,129.352648,3
농소3동,울산 북구 농소3동,35.624404,129.320958,3
송정동,울산 북구 송정동,35.597252,129.369604,3
양정동,울산 북구 양정동,35.552718,129.389131,3
염포동,울산 북구 염포동,35.536276,129.399463,3
효문동,울산 북구 효문동,35.569711,129.373187,3
두동면,울산 울주군 두동면,35.662704,129.212090,3
두서면,울산 울주군 두서면,35.672852,129.144325,3
범서읍,울산 울주군 범서읍,35.596474,129.245952,3
삼남읍,울산 울주군 삼남읍,35.532073,129.095878,3
삼동면,울산 울주군 삼동면,35.505774,129.154035,3
상북면,울산 울주군 상북면,35.593684,129.057022,3
서생면,울산 울주군 서생면,35.367620,129.314191,3
언양읍,울산 울주군 언양읍,35.585258,129.159328,3
온산읍,울산 울주군 온산읍,35.430341,129.330969,3
온양읍,울산 울주군 온양읍,35.417224,129.256115,3
웅촌면,울산 울주군 웅촌면,35.467236,129.197687,3
청량읍,울산 울주군 청량읍,35.492887,129.269173,3
다운동,울산 중구 다운동,35.568086,129.274117,3
반구1동,울산 중구 반구1동,35.554657,129.345994,3
반구2동,울산 중구 반구2동,35.562308,129.339529,3
병영1동,울산 중구 병영1동,35.566988,129.346518,3
병영2동,울산 중구 병영2동,35.586431,129.339505,3
복산동,울산 중구 복산동,35.564506,129.328366,3
성안동,울산 중구 성안동,35.580330,129.308636,3
약사동,울산 중구 약사동,35.579146,129.330783,3
우정동,울산 중구 우정동,35.562816,129.310194,3
중앙동,울산 중구 중앙동,35.555427,129.321638,3
태화동,울산 중구 태화동,35.563359,129.294228,3
학성동,울산 중구 학성동,35.554609,129.335096,3
강화읍,인천 강화군 강화읍,37.752728,126.489714,3
교동면,인천 강화군 교동면,37.786867,126.265390,3
길상면,인천 강화군 길상면,37.622279,126.501079,3
내가면,인천 강화군 내가면,37.722058,126.388756,3
불은면,인천 강화군 불은면,37.683255,126.485506,3
삼산면,인천 강화군 삼산면,37.698088,126.319732,3
서도면,인천 강화군 서도면,37.660855,126.209723,3
선원면,인천 강화군 선원면,37.716606,126.488634,3
송해면,인천 강화군 송해면,37.779821,126.460061,3
양도면,인천 강화군 양도면,37.671455,126.429741,3
양사면,인천 강화군 양사면,37.803135,126.401550,3
하점면,인천 강화군 하점면,37.762355,126.400607,3
화도면,인천 강화군 화도면,37.619108,126.423063,3
검단동,인천 검단구 검단동,37.612231,126.652662,3
당하동,인천 검단구 당하동,37.582114,126.675201,3
마전동,인천 검단구 마전동,37.596312,126.673563,3
불로대곡동,인천 검단구 불로대곡동,37.617930,126.677134,3
아라1동,인천 검단구 아라1동,37.586800,126.711915,3
아라2동,인천 검단구 아라2동,37.597553,126.710439,3
오류왕길동,인천 검단구 오류왕길동,37.584171,126.620758,3
원당동,인천 검단구 원당동,37.593034,126.697168,3
계산1동,인천 계양구 계산1동,37.540784,126.717630,3
계산2동,인천 계양구 계산2동,37.547710,126.720218,3
계산3동,인천 계양구 계산3동,37.539526,126.731664,3
계산4동,인천 계양구 계산4동,37.538553,126.739944,3
계양1동,인천 계양구 계양1동,37.571748,126.726306,3
계양2동,인천 계양구 계양2동,37.548621,126.741173,3
계양3동,인천 계양구 계양3동,37.569399,126.764999,3
작전1동,인천 계양구 작전1동,37.529423,126.729851,3
작전2동,인천 계양구 작전2동,37.530856,126.722556,3
작전서운동,인천 계양구 작전서운동,37.530347,126.747999,3
효성1동,인천 계양구 효성1동,37.534045,126.708046,3
효성2동,인천 계양구 효성2동,37.529988,126.697866,3
간석1동,인천 남동구 간석1동,37.459702,126.701715,3
간석2동,인천 남동구 간석2동,37.461442,126.711313,3
간석3동,인천 남동구 간석3동,37.469535,126.715510,3
간석4동,인천 남동구 간석4동,37.466728,126.696402,3
구월1동,인천 남동구 구월1동,37.445889,126.709311,3
구월2동,인천 남동구 구월2동,37.456512,126.715515,3
구월3동,인천 남동구 구월3동,37.449760,126.697480,3
구월4동,인천 남동구 구월4동,37.448478,126.722660,3
남촌도림동,인천 남동구 남촌도림동,37.425677,126.720878,3
논현1동,인천 남동구 논현1동,37.408973,126.739025,3
논현2동,인천 남동구 논현2동,37.407642,126.708127,3
논현고잔동,인천 남동구 논현고잔동,37.394353,126.702984,3
만수1동,인천 남동구 만수1동,37.450906,126.733990,3
만수2동,인천 남동구 만수2동,37.465074,126.735942,3
만수3동,인천 남동구 만수3동,37.465804,126.726743,3
만수4동,인천 남동구 만수4동,37.456826,126.737817,3
만수5동,인천 남동구 만수5동,37.456078,126.726362,3
만수6동,인천 남동구 만수6동,37.441917,126.739947,3
서창2동,인천 남동구 서창2동,37.426606,126.748177,3
장수서창동,인천 남동구 장수서창동,37.451108,126.760545,3
관교동,인천 미추홀구 관교동,37.442726,126.693998,3
도화1동,인천 미추홀구 도화1동,37.462172,126.669188,3
도화2·3동,인천 미추홀구 도화2·3동,37.473512,126.662339,3
문학동,인천 미추홀구 문학동,37.436530,126.685319,3
숭의1·3동,인천 미추홀구 숭의1·3동,37.464937,126.645312,3
숭의2동,인천 미추홀구 숭의2동,37.460915,126.647648,3
숭의4동,인천 미추홀구 숭의4동,37.462362,126.657122,3
용현1·4동,인천 미추홀구 용현1·4동,37.451773,126.658923,3
용현2동,인천 미추홀구 용현2동,37.456164,126.643461,3
용현3동,인천 미추홀구 용현3동,37.455373,126.652724,3
용현5동,인천 미추홀구 용현5동,37.448966,126.638952,3
주안1동,인천 미추홀구 주안1동,37.462021,126.680621,3
주안2동,인천 미추홀구 주안2동,37.455345,126.671987,3
주안3동,인천 미추홀구 주안3동,37.448449,126.671590,3
주안4동,인천 미추홀구 주안4동,37.454438,126.687071,3
주안5동,인천 미추홀구 주안5동,37.469218,126.680550,3
주안6동,인천 미추홀구 주안6동,37.461024,126.690781,3
주안7동,인천 미추홀구 주안7동,37.447262,126.677845,3
주안8동,인천 미추홀구 주안8동,37.447649,126.685337,3
학익1동,인천 미추홀구 학익1동,37.438508,126.653673,3
학익2동,인천 미추홀구 학익2동,37.443421,126.670347,3
갈산1동,인천 부평구 갈산1동,37.518525,126.726683,3
갈산2동,인천 부평구 갈산2동,37.510536,126.726690,3
부개1동,인천 부평구 부개1동,37.484125,126.736001,3
부개2동,인천 부평구 부개2동,37.493126,126.737858,3
부개3동,인천 부평구 부개3동,37.502305,126.738124,3
부평1동,인천 부평구 부평1동,37.496332,126.720254,3
부평2동,인천 부평구 부평2동,37.479226,126.721172,3
부평3동,인천 부평구 부평3동,37.484449,126.709120,3
부평4동,인천 부평구 부평4동,37.501443,126.726099,3
부평5동,인천 부평구 부평5동,37.495473,126.730460,3
부평6동,인천 부평구 부평6동,37.484828,126.727138,3
산곡1동,인천 부평구 산곡1동,37.504073,126.696377,3
산곡2동,인천 부평구 산곡2동,37.503487,126.705258,3
산곡3동,인천 부평구 산곡3동,37.492900,126.706852,3
산곡4동,인천 부평구 산곡4동,37.502079,126.712096,3
삼산1동,인천 부평구 삼산1동,37.520354,126.747243,3
삼산2동,인천 부평구 삼산2동,37.512540,126.738736,3
십정1동,인천 부평구 십정1동,37.478154,126.694917,3
십정2동,인천 부평구 십정2동,37.473089,126.702687,3
일신동,인천 부평구 일신동,37.475239,126.748547,3
청천1동,인천 부평구 청천1동,37.517799,126.694144,3
청천2동,인천 부평구 청천2동,37.515194,126.713319,3
가정1동,인천 서해구 가정1동,37.529107,126.671027,3
가정2동,인천 서해구 가정2동,37.528696,126.681362,3
가정3동,인천 서해구 가정3동,37.518048,126.681479,3
가좌1동,인천 서해구 가좌1동,37.491378,126.662577,3
가좌2동,인천 서해구 가좌2동,37.495069,126.685978,3
가좌3동,인천 서해구 가좌3동,37.487700,126.680155,3
가좌4동,인천 서해구 가좌4동,37.486096,126.688475,3
검암경서동,인천 서해구 검암경서동,37.561112,126.651756,3
석남1동,인천 서해구 석남1동,37.510194,126.668594,3
석남2동,인천 서해구 석남2동,37.503111,126.658147,3
석남3동,인천 서해구 석남3동,37.506486,126.681484,3
신현원창동,인천 서해구 신현원창동,37.510269,126.636396,3
연희동,인천 서해구 연희동,37.548006,126.683048,3
청라1동,인천 서해구 청라1동,37.530800,126.655519,3
청라2동,인천 서해구 청라2동,37.533397,126.640792,3
청라3동,인천 서해구 청라3동,37.533377,126.618160,3
동춘1동,인천 연수구 동춘1동,37.408576,126.659545,3
동춘2동,인천 연수구 동춘2동,37.400921,126.671130,3
동춘3동,인천 연수구 동춘3동,37.407753,126.678191,3
선학동,인천 연수구 선학동,37.429655,126.697528,3
송도1동,인천 연수구 송도1동,37.382879,126.647089,3
송도2동,인천 연수구 송도2동,37.400431,126.639818,3
송도3동,인천 연수구 송도3동,37.364171,126.655949,3
송도4동,인천 연수구 송도4동,37.391709,126.622544,3
송도5동,인천 연수구 송도5동,37.419960,126.616919,3
연수1동,인천 연수구 연수1동,37.425120,126.679918,3
연수2동,인천 연수구 연수2동,37.413389,126.684131,3
연수3동,인천 연수구 연수3동,37.419667,126.688475,3
옥련1동,인천 연수구 옥련1동,37.420164,126.649833,3
옥련2동,인천 연수구 옥련2동,37.428897,126.647047,3
청학동,인천 연수구 청학동,37.425001,126.666394,3
영종1동,인천 영종구 영종1동,37.486869,126.556500,3
영종2동,인천 영종구 영종2동,37.495066,126.568820,3
영종동,인천 영종구 영종동,37.503782,126.528915,3
용유동,인천 영종구 용유동,37.422916,126.406014,3
운서1동,인천 영종구 운서1동,37.468831,126.445218,3
운서2동,인천 영종구 운서2동,37.479811,126.499695,3
대청면,인천 옹진군 대청면,37.812893,124.710994,3
덕적면,인천 옹진군 덕적면,37.198642,126.090894,3
백령면,인천 옹진군 백령면,37.953185,124.674289,3
북도면,인천 옹진군 북도면,37.533007,126.398651,3
연평면,인천 옹진군 연평면,37.663152,125.696740,3
영흥면,인천 옹진군 영흥면,37.255112,126.466494,3
자월면,인천 옹진군 자월면,37.189804,126.253492,3
개항동,인천 제물포구 개항동,37.476111,126.608029,3
금창동,인천 제물포구 금창동,37.471631,126.640727,3
도원동,인천 제물포구 도원동,37.467223,126.639769,3
동인천동,인천 제물포구 동인천동,37.475273,126.628849,3
만석동,인천 제물포구 만석동,37.486375,126.620230,3
송림1동,인천 제물포구 송림1동,37.475181,126.638777,3
송림2동,인천 제물포구 송림2동,37.476534,126.642954,3
송림3·5동,인천 제물포구 송림3·5동,37.473056,126.648356,3
송림4동,인천 제물포구 송림4동,37.481765,126.657947,3
송림6동,인천 제물포구 송림6동,37.481847,126.648377,3
송현1·2동,인천 제물포구 송현1·2동,37.477888,126.635819,3
송현3동,인천 제물포구 송현3동,37.488174,126.641101,3
신포동,인천 제물포구 신포동,37.467286,126.623209,3
신흥동,인천 제물포구 신흥동,37.444091,126.626995,3
연안동,인천 제물포구 연안동,37.451771,126.608788,3
율목동,인천 제물포구 율목동,37.470077,126.634961,3
화수1·화평동,인천 제물포구 화수1·화평동,37.480496,126.629942,3
화수2동,인천 제물포구 화수2동,37.485010,126.631099,3
강진읍,전남광주 강진군 강진읍,34.630671,126.739877,3
군동면,전남광주 강진군 군동면,34.644654,126.823307,3
대구면,전남광주 강진군 대구면,34.513861,126.818413,3
도암면,전남광주 강진군 도암면,34.564847,126.723000,3
마량면,전남광주 강진군 마량면,34.472520,126.830486,3
병영면,전남광주 강진군 병영면,34.710594,126.825490,3
성전면,전남광주 강진군 성전면,34.708859,126.712128,3
신전면,전남광주 강진군 신전면,34.496585,126.717649,3
옴천면,전남광주 강진군 옴천면,34.757929,126.786933,3
작천면,전남광주 강진군 작천면,34.709220,126.770503,3
칠량면,전남광주 강진군 칠량면,34.574320,126.830085,3
고흥읍,전남광주 고흥군 고흥읍,34.606716,127.262465,3
과역면,전남광주 고흥군 과역면,34.688178,127.387351,3
금산면,전남광주 고흥군 금산면,34.460174,127.168471,3
남양면,전남광주 고흥군 남양면,34.741183,127.358817,3
대서면,전남광주 고흥군 대서면,34.762359,127.281669,3
도덕면,전남광주 고흥군 도덕면,34.577475,127.183507,3
도양읍,전남광주 고흥군 도양읍,34.530960,127.150612,3
도화면,전남광주 고흥군 도화면,34.497540,127.321315,3
동강면,전남광주 고흥군 동강면,34.795289,127.335610,3
동일면,전남광주 고흥군 동일면,34.509774,127.466364,3
두원면,전남광주 고흥군 두원면,34.659700,127.276334,3
봉래면,전남광주 고흥군 봉래면,34.447052,127.492603,3
영남면,전남광주 고흥군 영남면,34.604195,127.456092,3
점암면,전남광주 고흥군 점암면,34.644436,127.401221,3
포두면,전남광주 고흥군 포두면,34.565639,127.358614,3
풍양면,전남광주 고흥군 풍양면,34.557161,127.240635,3
겸면,전남광주 곡성군 겸면,35.253185,127.177355,3
고달면,전남광주 곡성군 고달면,35.277544,127.362904,3
곡성읍,전남광주 곡성군 곡성읍,35.281033,127.269537,3
목사동면,전남광주 곡성군 목사동면,35.107397,127.302125,3
삼기면,전남광주 곡성군 삼기면,35.213123,127.226722,3
석곡면,전남광주 곡성군 석곡면,35.154795,127.238976,3
오곡면,전남광주 곡성군 오곡면,35.233911,127.321439,3
오산면,전남광주 곡성군 오산면,35.231553,127.125126,3
옥과면,전남광주 곡성군 옥과면,35.295574,127.141564,3
입면,전남광주 곡성군 입면,35.296002,127.209550,3
죽곡면,전남광주 곡성군 죽곡면,35.161779,127.339472,3
도산동,전남광주 광산구 도산동,35.123261,126.791867,3
동곡동,전남광주 광산구 동곡동,35.096220,126.778511,3
본량동,전남광주 광산구 본량동,35.189466,126.709495,3
비아동,전남광주 광산구 비아동,35.212077,126.822910,3
삼도동,전남광주 광산구 삼도동,35.143487,126.689053,3
송정1동,전남광주 광산구 송정1동,35.134873,126.804449,3
송정2동,전남광주 광산구 송정2동,35.138769,126.791025,3
수완동,전남광주 광산구 수완동,35.191670,126.820203,3
신가동,전남광주 광산구 신가동,35.182974,126.833017,3
신창동,전남광주 광산구 신창동,35.191055,126.846485,3
신흥동,전남광주 광산구 신흥동,35.132058,126.811674,3
어룡동,전남광주 광산구 어룡동,35.160015,126.768938,3
우산동,전남광주 광산구 우산동,35.154939,126.815799,3
운남동,전남광주 광산구 운남동,35.173155,126.824581,3
월곡1동,전남광주 광산구 월곡1동,35.167520,126.812752,3
월곡2동,전남광주 광산구 월곡2동,35.172688,126.807496,3
임곡동,전남광주 광산구 임곡동,35.217274,126.754510,3
첨단1동,전남광주 광산구 첨단1동,35.221960,126.836179,3
첨단2동,전남광주 광산구 첨단2동,35.209295,126.844427,3
평동,전남광주 광산구 평동,35.127241,126.741626,3
하남동,전남광주 광산구 하남동,35.193908,126.795421,3
골약동,전남광주 광양시 골약동,34.929737,127.657811,3
광양읍,전남광주 광양시 광양읍,34.958167,127.603605,3
광영동,전남광주 광양시 광영동,34.961289,127.716837,3
금호동,전남광주 광양시 금호동,34.918050,127.746320,3
다압면,전남광주 광양시 다압면,35.118912,127.664363,3
봉강면,전남광주 광양시 봉강면,35.048868,127.565527,3
옥곡면,전남광주 광양시 옥곡면,34.997738,127.678659,3
옥룡면,전남광주 광양시 옥룡면,35.054063,127.614332,3
중마동,전남광주 광양시 중마동,34.945052,127.699889,3
진상면,전남광주 광양시 진상면,35.053983,127.684448,3
진월면,전남광주 광양시 진월면,35.006106,127.754486,3
태인동,전남광주 광양시 태인동,34.945540,127.755184,3
간전면,전남광주 구례군 간전면,35.152911,127.567482,3
광의면,전남광주 구례군 광의면,35.269648,127.467691,3
구례읍,전남광주 구례군 구례읍,35.202956,127.426369,3
마산면,전남광주 구례군 마산면,35.242764,127.499095,3
문척면,전남광주 구례군 문척면,35.166134,127.498924,3
산동면,전남광주 구례군 산동면,35.319801,127.467930,3
용방면,전남광주 구례군 용방면,35.247722,127.423824,3
토지면,전남광주 구례군 토지면,35.240103,127.562043,3
공산면,전남광주 나주시 공산면,34.949878,126.600785,3
금남동,전남광주 나주시 금남동,35.033914,126.705361,3
금천면,전남광주 나주시 금천면,35.023211,126.761838,3
남평읍,전남광주 나주시 남평읍,35.028351,126.863002,3
노안면,전남광주 나주시 노안면,35.083247,126.716815,3
다도면,전남광주 나주시 다도면,34.934507,126.836109,3
다시면,전남광주 나주시 다시면,35.014873,126.640460,3
동강면,전남광주 나주시 동강면,34.926170,126.552664,3
문평면,전남광주 나주시 문평면,35.067453,126.630840,3
반남면,전남광주 나주시 반남면,34.913621,126.655010,3
봉황면,전남광주 나주시 봉황면,34.944464,126.782616,3
빛가람동,전남광주 나주시 빛가람동,35.018297,126.789088,3
산포면,전남광주 나주시 산포면,35.030785,126.808895,3
성북동,전남광주 나주시 성북동,35.050624,126.723259,3
세지면,전남광주 나주시 세지면,34.926756,126.732945,3
송월동,전남광주 나주시 송월동,35.016447,126.721574,3
영강동,전남광주 나주시 영강동,35.009813,126.694786,3
영산동,전남광주 나주시 영산동,34.991361,126.736882,3
왕곡면,전남광주 나주시 왕곡면,34.960104,126.671122,3
이창동,전남광주 나주시 이창동,34.985531,126.686942,3
대촌동,전남광주 남구 대촌동,35.078382,126.827396,3
방림1동,전남광주 남구 방림1동,35.133552,126.916488,3
방림2동,전남광주 남구 방림2동,35.129873,126.922110,3
백운1동,전남광주 남구 백운1동,35.139804,126.905638,3
백운2동,전남광주 남구 백운2동,35.136055,126.903268,3
봉선1동,전남광주 남구 봉선1동,35.130327,126.908683,3
봉선2동,전남광주 남구 봉선2동,35.122210,126.913679,3
사직동,전남광주 남구 사직동,35.144746,126.909260,3
송암동,전남광주 남구 송암동,35.105862,126.878442,3
양림동,전남광주 남구 양림동,35.138422,126.914336,3
월산4동,전남광주 남구 월산4동,35.145969,126.891599,3
월산5동,전남광주 남구 월산5동,35.140316,126.894251,3
월산동,전남광주 남구 월산동,35.146427,126.899857,3
주월1동,전남광주 남구 주월1동,35.128362,126.895761,3
주월2동,전남광주 남구 주월2동,35.136210,126.890179,3
진월동,전남광주 남구 진월동,35.115794,126.899599,3
효덕동,전남광주 남구 효덕동,35.096827,126.903050,3
가사문학면,전남광주 담양군 가사문학면,35.158861,127.040400,3
고서면,전남광주 담양군 고서면,35.219727,126.974074,3
금성면,전남광주 담양군 금성면,35.344678,127.037383,3
담양읍,전남광주 담양군 담양읍,35.320964,126.982842,3
대덕면,전남광주 담양군 대덕면,35.231159,127.058561,3
대전면,전남광주 담양군 대전면,35.284529,126.887950,3
무정면,전남광주 담양군 무정면,35.286561,127.047869,3
봉산면,전남광주 담양군 봉산면,35.269166,126.955840,3
수북면,전남광주 담양군 수북면,35.303585,126.923513,3
용면,전남광주 담양군 용면,35.406607,127.005318,3
월산면,전남광주 담양군 월산면,35.358579,126.931265,3
창평면,전남광주 담양군 창평면,35.231065,127.015191,3
계림1동,전남광주 동구 계림1동,35.159338,126.917490,3
계림2동,전남광주 동구 계림2동,35.160236,126.923800,3
동명동,전남광주 동구 동명동,35.150656,126.925389,3
산수1동,전남광주 동구 산수1동,35.156020,126.928654,3
산수2동,전남광주 동구 산수2동,35.156968,126.937703,3
서남동,전남광주 동구 서남동,35.142276,126.927218,3
지산1동,전남광주 동구 지산1동,35.149997,126.931102,3
지산2동,전남광주 동구 지산2동,35.148036,126.944750,3
지원1동,전남광주 동구 지원1동,35.127639,126.937168,3
지원2동,전남광주 동구 지원2동,35.101334,126.949318,3
충장동,전남광주 동구 충장동,35.150581,126.915382,3
학동,전남광주 동구 학동,35.136633,126.924240,3
학운동,전남광주 동구 학운동,35.128402,126.963589,3
대성동,전남광주 목포시 대성동,34.799785,126.382796,3
동명동,전남광주 목포시 동명동,34.789764,126.394445,3
만호동,전남광주 목포시 만호동,34.784187,126.389679,3
목원동,전남광주 목포시 목원동,34.793033,126.381282,3
부주동,전남광주 목포시 부주동,34.804396,126.448797,3
부흥동,전남광주 목포시 부흥동,34.802489,126.435245,3
북항동,전남광주 목포시 북항동,34.805675,126.369484,3
산정동,전남광주 목포시 산정동,34.806993,126.383367,3
삼학동,전남광주 목포시 삼학동,34.790226,126.404430,3
삼향동,전남광주 목포시 삼향동,34.832766,126.415269,3
상동,전남광주 목포시 상동,34.818822,126.414994,3
신흥동,전남광주 목포시 신흥동,34.799633,126.425009,3
연동,전남광주 목포시 연동,34.797512,126.393158,3
연산동,전남광주 목포시 연산동,34.819405,126.382968,3
옥암동,전남광주 목포시 옥암동,34.814655,126.436290,3
용당1동,전남광주 목포시 용당1동,34.806775,126.392883,3
용당2동,전남광주 목포시 용당2동,34.800489,126.400197,3
용해동,전남광주 목포시 용해동,34.816757,126.400331,3
원산동,전남광주 목포시 원산동,34.809143,126.378043,3
유달동,전남광주 목포시 유달동,34.781900,126.337091,3
이로동,전남광주 목포시 이로동,34.796958,126.412338,3
죽교동,전남광주 목포시 죽교동,34.799030,126.365674,3
하당동,전남광주 목포시 하당동,34.809184,126.420099,3
망운면,전남광주 무안군 망운면,35.000866,126.379161,3
몽탄면,전남광주 무안군 몽탄면,34.923037,126.499956,3
무안읍,전남광주 무안군 무안읍,34.992517,126.471303,3
삼향읍,전남광주 무안군 삼향읍,34.846679,126.446791,3
운남면,전남광주 무안군 운남면,34.951543,126.338735,3
일로읍,전남광주 무안군 일로읍,34.833862,126.508274,3
청계면,전남광주 무안군 청계면,34.931432,126.428446,3
해제면,전남광주 무안군 해제면,35.102637,126.291816,3
현경면,전남광주 무안군 현경면,35.039374,126.410221,3
겸백면,전남광주 보성군 겸백면,34.825689,127.158443,3
노동면,전남광주 보성군 노동면,34.810884,127.053898,3
득량면,전남광주 보성군 득량면,34.751207,127.168266,3
문덕면,전남광주 보성군 문덕면,34.938729,127.184768,3
미력면,전남광주 보성군 미력면,34.808667,127.106461,3
벌교읍,전남광주 보성군 벌교읍,34.846260,127.321083,3
보성읍,전남광주 보성군 보성읍,34.750909,127.069995,3
복내면,전남광주 보성군 복내면,34.899290,127.122536,3
웅치면,전남광주 보성군 웅치면,34.707184,127.021606,3
율어면,전남광주 보성군 율어면,34.865857,127.202152,3
조성면,전남광주 보성군 조성면,34.803700,127.238961,3
회천면,전남광주 보성군 회천면,34.691999,127.094571,3
건국동,전남광주 북구 건국동,35.234660,126.890161,3
동림동,전남광주 북구 동림동,35.181094,126.859090,3
두암1동,전남광주 북구 두암1동,35.169693,126.928113,3
두암2동,전남광주 북구 두암2동,35.174080,126.937502,3
두암3동,전남광주 북구 두암3동,35.165138,126.939287,3
매곡동,전남광주 북구 매곡동,35.191031,126.889228,3
문화동,전남광주 북구 문화동,35.182916,126.941218,3
문흥1동,전남광주 북구 문흥1동,35.191738,126.929814,3
문흥2동,전남광주 북구 문흥2동,35.182334,126.918593,3
삼각동,전남광주 북구 삼각동,35.203013,126.906078,3
석곡동,전남광주 북구 석곡동,35.174936,126.970310,3
신안동,전남광주 북구 신안동,35.168087,126.900027,3
신용동,전남광주 북구 신용동,35.213203,126.862597,3
양산동,전남광주 북구 양산동,35.201376,126.873199,3
오치1동,전남광주 북구 오치1동,35.192008,126.913401,3
오치2동,전남광주 북구 오치2동,35.188608,126.902112,3
용봉동,전남광주 북구 용봉동,35.179170,126.900383,3
우산동,전남광주 북구 우산동,35.174271,126.921228,3
운암1동,전남광주 북구 운암1동,35.176033,126.872957,3
운암2동,전남광주 북구 운암2동,35.175793,126.884492,3
운암3동,전남광주 북구 운암3동,35.184349,126.875189,3
일곡동,전남광주 북구 일곡동,35.212774,126.898701,3
임동,전남광주 북구 임동,35.163785,126.893697,3
중앙동,전남광주 북구 중앙동,35.156762,126.906524,3
중흥1동,전남광주 북구 중흥1동,35.163022,126.910801,3
중흥동,전남광주 북구 중흥동,35.170782,126.912685,3
풍향동,전남광주 북구 풍향동,35.165477,126.925767,3
광천동,전남광주 서구 광천동,35.165419,126.880271,3
금호1동,전남광주 서구 금호1동,35.135340,126.854499,3
금호2동,전남광주 서구 금호2동,35.128138,126.857143,3
농성1동,전남광주 서구 농성1동,35.156002,126.889042,3
농성2동,전남광주 서구 농성2동,35.150580,126.886473,3
동천동,전남광주 서구 동천동,35.170765,126.859837,3
상무1동,전남광주 서구 상무1동,35.156192,126.861920,3
상무2동,전남광주 서구 상무2동,35.146560,126.861608,3
서창동,전남광주 서구 서창동,35.116835,126.832474,3
양3동,전남광주 서구 양3동,35.157950,126.894902,3
양동,전남광주 서구 양동,35.152476,126.902361,3
유덕동,전남광주 서구 유덕동,35.163818,126.846010,3
치평동,전남광주 서구 치평동,35.152840,126.845263,3
풍암동,전남광주 서구 풍암동,35.125257,126.875475,3
화정1동,전남광주 서구 화정1동,35.155320,126.876667,3
화정2동,전남광주 서구 화정2동,35.145330,126.882038,3
화정3동,전남광주 서구 화정3동,35.144978,126.876318,3
화정4동,전남광주 서구 화정4동,35.139941,126.870223,3
낙안면,전남광주 순천시 낙안면,34.921077,127.346058,3
남제동,전남광주 순천시 남제동,34.941252,127.481074,3
덕연동,전남광주 순천시 덕연동,34.943210,127.516658,3
도사동,전남광주 순천시 도사동,34.905511,127.495343,3
매곡동,전남광주 순천시 매곡동,34.962781,127.479495,3
별량면,전남광주 순천시 별량면,34.869516,127.429641,3
삼산동,전남광주 순천시 삼산동,34.983091,127.470010,3
상사면,전남광주 순천시 상사면,34.937067,127.419140,3
서면,전남광주 순천시 서면,35.027797,127.493479,3
송광면,전남광주 순천시 송광면,34.988957,127.247376,3
승주읍,전남광주 순천시 승주읍,35.017539,127.362130,3
왕조1동,전남광주 순천시 왕조1동,34.968635,127.529842,3
왕조2동,전남광주 순천시 왕조2동,34.955699,127.532256,3
외서면,전남광주 순천시 외서면,34.916334,127.272460,3
월등면,전남광주 순천시 월등면,35.085675,127.389986,3
장천동,전남광주 순천시 장천동,34.949792,127.489261,3
저전동,전남광주 순천시 저전동,34.948475,127.476480,3
조곡동,전남광주 순천시 조곡동,34.955772,127.496946,3
주암면,전남광주 순천시 주암면,35.069166,127.246230,3
중앙동,전남광주 순천시 중앙동,34.956345,127.487370,3
풍덕동,전남광주 순천시 풍덕동,34.934823,127.504569,3
해룡면,전남광주 순천시 해룡면,34.905697,127.548149,3
향동,전남광주 순천시 향동,34.973365,127.440193,3
황전면,전남광주 순천시 황전면,35.116249,127.459078,3
도초면,전남광주 신안군 도초면,34.677706,125.938179,3
비금면,전남광주 신안군 비금면,34.758117,125.950187,3
신의면,전남광주 신안군 신의면,34.580201,126.073719,3
안좌면,전남광주 신안군 안좌면,34.727235,126.128560,3
암태면,전남광주 신안군 암태면,34.842268,126.109763,3
압해읍,전남광주 신안군 압해읍,34.883126,126.301147,3
임자면,전남광주 신안군 임자면,35.093286,126.089590,3
자은면,전남광주 신안군 자은면,34.888200,126.046718,3
장산면,전남광주 신안군 장산면,34.640285,126.152903,3
증도면,전남광주 신안군 증도면,34.977051,126.165457,3
지도읍,전남광주 신안군 지도읍,35.060440,126.209833,3
팔금면,전남광주 신안군 팔금면,34.786710,126.143739,3
하의면,전남광주 신안군 하의면,34.620814,126.027264,3
흑산면,전남광주 신안군 흑산면,34.536533,125.326655,3
광림동,전남광주 여수시 광림동,34.756352,127.720852,3
국동,전남광주 여수시 국동,34.730384,127.718656,3
남면,전남광주 여수시 남면,34.509185,127.763382,3
대교동,전남광주 여수시 대교동,34.734908,127.724464,3
돌산읍,전남광주 여수시 돌산읍,34.647788,127.762816,3
동문동,전남광주 여수시 동문동,34.742191,127.743272,3
둔덕동,전남광주 여수시 둔덕동,34.777351,127.698675,3
만덕동,전남광주 여수시 만덕동,34.779352,127.738936,3
묘도동,전남광주 여수시 묘도동,34.883232,127.721000,3
문수동,전남광주 여수시 문수동,34.755442,127.698961,3
미평동,전남광주 여수시 미평동,34.773782,127.709751,3
삼산면,전남광주 여수시 삼산면,34.159507,127.311076,3
삼일동,전남광주 여수시 삼일동,34.826905,127.710833,3
서강동,전남광주 여수시 서강동,34.741561,127.721487,3
소라면,전남광주 여수시 소라면,34.788013,127.603650,3
시전동,전남광주 여수시 시전동,34.752637,127.679144,3
쌍봉동,전남광주 여수시 쌍봉동,34.749476,127.651844,3
여서동,전남광주 여수시 여서동,34.747196,127.706773,3
여천동,전남광주 여수시 여천동,34.774651,127.656244,3
월호동,전남광주 여수시 월호동,34.720647,127.710946,3
율촌면,전남광주 여수시 율촌면,34.851529,127.578068,3
주삼동,전남광주 여수시 주삼동,34.791197,127.665426,3
중앙동,전남광주 여수시 중앙동,34.737842,127.737246,3
충무동,전남광주 여수시 충무동,34.750353,127.730055,3
한려동,전남광주 여수시 한려동,34.744416,127.750554,3
화양면,전남광주 여수시 화양면,34.690175,127.596677,3
화정면,전남광주 여수시 화정면,34.597827,127.617907,3
군남면,전남광주 영광군 군남면,35.224152,126.438894,3
군서면,전남광주 영광군 군서면,35.264026,126.469614,3
낙월면,전남광주 영광군 낙월면,35.297492,126.086765,3
대마면,전남광주 영광군 대마면,35.299650,126.591695,3
묘량면,전남광주 영광군 묘량면,35.243671,126.559440,3
백수읍,전남광주 영광군 백수읍,35.301546,126.399787,3
법성면,전남광주 영광군 법성면,35.353362,126.471455,3
불갑면,전남광주 영광군 불갑면,35.208894,126.512239,3
염산면,전남광주 영광군 염산면,35.213771,126.358879,3
영광읍,전남광주 영광군 영광읍,35.294520,126.505828,3
홍농읍,전남광주 영광군 홍농읍,35.401838,126.444834,3
군서면,전남광주 영암군 군서면,34.779548,126.636506,3
금정면,전남광주 영암군 금정면,34.853051,126.781982,3
덕진면,전남광주 영암군 덕진면,34.829900,126.701988,3
도포면,전남광주 영암군 도포면,34.844876,126.641351,3
미암면,전남광주 영암군 미암면,34.697327,126.562958,3
삼호읍,전남광주 영암군 삼호읍,34.748323,126.463484,3
서호면,전남광주 영암군 서호면,34.772355,126.575388,3
시종면,전남광주 영암군 시종면,34.869712,126.592216,3
신북면,전남광주 영암군 신북면,34.892144,126.689954,3
영암읍,전남광주 영암군 영암읍,34.790718,126.723266,3
학산면,전남광주 영암군 학산면,34.731966,126.599290,3
고금면,전남광주 완도군 고금면,34.403803,126.807836,3
군외면,전남광주 완도군 군외면,34.363725,126.664760,3
금당면,전남광주 완도군 금당면,34.432334,127.054750,3
금일읍,전남광주 완도군 금일읍,34.337480,127.059063,3
노화읍,전남광주 완도군 노화읍,34.202712,126.565424,3
보길면,전남광주 완도군 보길면,34.152105,126.548629,3
생일면,전남광주 완도군 생일면,34.313474,126.988570,3
소안면,전남광주 완도군 소안면,34.164492,126.646825,3
신지면,전남광주 완도군 신지면,34.329601,126.839121,3
약산면,전남광주 완도군 약산면,34.381501,126.905674,3
완도읍,전남광주 완도군 완도읍,34.327992,126.716240,3
청산면,전남광주 완도군 청산면,34.163873,126.876574,3
남면,전남광주 장성군 남면,35.243454,126.798048,3
동화면,전남광주 장성군 동화면,35.264639,126.719229,3
북이면,전남광주 장성군 북이면,35.431728,126.795665,3
북일면,전남광주 장성군 북일면,35.386440,126.777337,3
북하면,전남광주 장성군 북하면,35.406531,126.868799,3
삼계면,전남광주 장성군 삼계면,35.285376,126.664873,3
삼서면,전남광주 장성군 삼서면,35.232572,126.643418,3
서삼면,전남광주 장성군 서삼면,35.349791,126.751598,3
장성읍,전남광주 장성군 장성읍,35.326457,126.815843,3
진원면,전남광주 장성군 진원면,35.268138,126.841171,3
황룡면,전남광주 장성군 황룡면,35.308158,126.731467,3
관산읍,전남광주 장흥군 관산읍,34.553700,126.937856,3
대덕읍,전남광주 장흥군 대덕읍,34.493120,126.882321,3
부산면,전남광주 장흥군 부산면,34.732612,126.909757,3
안양면,전남광주 장흥군 안양면,34.655165,126.990616,3
용산면,전남광주 장흥군 용산면,34.613527,126.926801,3
유치면,전남광주 장흥군 유치면,34.795723,126.860598,3
장동면,전남광주 장흥군 장동면,34.746395,126.978995,3
장평면,전남광주 장흥군 장평면,34.808009,126.963233,3
장흥읍,전남광주 장흥군 장흥읍,34.679730,126.905537,3
회진면,전남광주 장흥군 회진면,34.476783,126.937219,3
고군면,전남광주 진도군 고군면,34.486895,126.343819,3
군내면,전남광주 진도군 군내면,34.534948,126.285128,3
의신면,전남광주 진도군 의신면,34.432016,126.291953,3
임회면,전남광주 진도군 임회면,34.394822,126.205527,3
조도면,전남광주 진도군 조도면,34.310836,126.023132,3
지산면,전남광주 진도군 지산면,34.440230,126.156773,3
진도읍,전남광주 진도군 진도읍,34.490357,126.240638,3
나산면,전남광주 함평군 나산면,35.121800,126.604745,3
대동면,전남광주 함평군 대동면,35.100164,126.539369,3
손불면,전남광주 함평군 손불면,35.141486,126.431014,3
신광면,전남광주 함평군 신광면,35.162692,126.487656,3
엄다면,전남광주 함평군 엄다면,35.013457,126.514206,3
월야면,전남광주 함평군 월야면,35.190886,126.626227,3
학교면,전남광주 함평군 학교면,35.020668,126.561693,3
함평읍,전남광주 함평군 함평읍,35.067925,126.488597,3
해보면,전남광주 함평군 해보면,35.169953,126.575547,3
계곡면,전남광주 해남군 계곡면,34.654961,126.635920,3
마산면,전남광주 해남군 마산면,34.621449,126.556249,3
문내면,전남광주 해남군 문내면,34.607596,126.327286,3
북일면,전남광주 해남군 북일면,34.460436,126.679728,3
북평면,전남광주 해남군 북평면,34.388366,126.610845,3
산이면,전남광주 해남군 산이면,34.656086,126.432181,3
삼산면,전남광주 해남군 삼산면,34.511050,126.604873,3
송지면,전남광주 해남군 송지면,34.367938,126.534173,3
옥천면,전남광주 해남군 옥천면,34.562370,126.655455,3
해남읍,전남광주 해남군 해남읍,34.557822,126.565545,3
현산면,전남광주 해남군 현산면,34.453910,126.569481,3
화산면,전남광주 해남군 화산면,34.482667,126.494022,3
화원면,전남광주 해남군 화원면,34.688447,126.305867,3
황산면,전남광주 해남군 황산면,34.571189,126.445618,3
능주면,전남광주 화순군 능주면,35.005265,126.956442,3
도곡면,전남광주 화순군 도곡면,35.006559,126.910102,3
도암면,전남광주 화순군 도암면,34.912259,126.889473,3
동면,전남광주 화순군 동면,35.041165,127.043293,3
동복면,전남광주 화순군 동복면,35.078062,127.147414,3
백아면,전남광주 화순군 백아면,35.162509,127.140527,3
사평면,전남광주 화순군 사평면,35.002203,127.124732,3
이서면,전남광주 화순군 이서면,35.106583,127.068564,3
이양면,전남광주 화순군 이양면,34.890847,127.029998,3
청풍면,전남광주 화순군 청풍면,34.876024,126.953753,3
춘양면,전남광주 화순군 춘양면,34.941246,126.949992,3
한천면,전남광주 화순군 한천면,34.970561,127.032810,3
화순읍,전남광주 화순군 화순읍,35.061847,126.963004,3
고수면,전북 고창군 고수면,35.390144,126.681452,3
고창읍,전북 고창군 고창읍,35.432085,126.703989,3
공음면,전북 고창군 공음면,35.383160,126.526754,3
대산면,전북 고창군 대산면,35.339286,126.573038,3
무장면,전북 고창군 무장면,35.411976,126.574915,3
부안면,전북 고창군 부안면,35.526911,126.642341,3
상하면,전북 고창군 상하면,35.444440,126.478297,3
성내면,전북 고창군 성내면,35.535290,126.744797,3
성송면,전북 고창군 성송면,35.364779,126.635788,3
신림면,전북 고창군 신림면,35.477128,126.722591,3
심원면,전북 고창군 심원면,35.512524,126.545737,3
아산면,전북 고창군 아산면,35.467244,126.611450,3
해리면,전북 고창군 해리면,35.474827,126.512031,3
흥덕면,전북 고창군 흥덕면,35.537673,126.699187,3
개정동,전북 군산시 개정동,35.965015,126.756255,3
개정면,전북 군산시 개정면,35.960546,126.786157,3
경암동,전북 군산시 경암동,35.984110,126.731526,3
구암동,전북 군산시 구암동,35.995954,126.751348,3
나운1동,전북 군산시 나운1동,35.968957,126.695566,3
나운2동,전북 군산시 나운2동,35.965692,126.704964,3
나운3동,전북 군산시 나운3동,35.947026,126.685346,3
나포면,전북 군산시 나포면,36.027491,126.834251,3
대야면,전북 군산시 대야면,35.937263,126.831751,3
미성동,전북 군산시 미성동,35.954200,126.643205,3
삼학동,전북 군산시 삼학동,35.978498,126.709582,3
서수면,전북 군산시 서수면,36.000598,126.879178,3
성산면,전북 군산시 성산면,36.000422,126.791392,3
소룡동,전북 군산시 소룡동,35.964616,126.588637,3
수송동,전북 군산시 수송동,35.959943,126.717253,3
신풍동,전북 군산시 신풍동,35.976703,126.702059,3
옥구읍,전북 군산시 옥구읍,35.912809,126.688956,3
옥도면,전북 군산시 옥도면,35.878146,126.394250,3
옥산면,전북 군산시 옥산면,35.940966,126.740106,3
옥서면,전북 군산시 옥서면,35.911922,126.631760,3
월명동,전북 군산시 월명동,35.988140,126.712668,3
임피면,전북 군산시 임피면,35.972402,126.859815,3
조촌동,전북 군산시 조촌동,35.972412,126.739339,3
중앙동,전북 군산시 중앙동,35.987837,126.723097,3
해신동,전북 군산시 해신동,35.993271,126.698179,3
회현면,전북 군산시 회현면,35.910097,126.759471,3
흥남동,전북 군산시 흥남동,35.976212,126.717824,3
검산동,전북 김제시 검산동,35.812751,126.923489,3
공덕면,전북 김제시 공덕면,35.886040,126.904952,3
광활면,전북 김제시 광활면,35.829511,126.745074,3
교월동,전북 김제시 교월동,35.785482,126.863942,3
금구면,전북 김제시 금구면,35.780938,127.018094,3
금산면,전북 김제시 금산면,35.715212,127.029650,3
만경읍,전북 김제시 만경읍,35.865170,126.826359,3
백구면,전북 김제시 백구면,35.887078,126.963451,3
백산면,전북 김제시 백산면,35.845741,126.887591,3
봉남면,전북 김제시 봉남면,35.742768,126.956809,3
부량면,전북 김제시 부량면,35.738574,126.844236,3
성덕면,전북 김제시 성덕면,35.818972,126.812082,3
신풍동,전북 김제시 신풍동,35.774369,126.917420,3
요촌동,전북 김제시 요촌동,35.818545,126.890617,3
용지면,전북 김제시 용지면,35.844474,126.970752,3
죽산면,전북 김제시 죽산면,35.773628,126.808644,3
진봉면,전북 김제시 진봉면,35.850197,126.764554,3
청하면,전북 김제시 청하면,35.887273,126.851363,3
황산면,전북 김제시 황산면,35.788483,126.960714,3
금동,전북 남원시 금동,35.399164,127.368095,3
금지면,전북 남원시 금지면,35.340031,127.281684,3
노암동,전북 남원시 노암동,35.394923,127.389756,3
대강면,전북 남원시 대강면,35.362519,127.230688,3
대산면,전북 남원시 대산면,35.425170,127.315052,3
덕과면,전북 남원시 덕과면,35.525173,127.369597,3
도통동,전북 남원시 도통동,35.442734,127.410286,3
동충동,전북 남원시 동충동,35.411474,127.382655,3
보절면,전북 남원시 보절면,35.515335,127.416578,3
사매면,전북 남원시 사매면,35.478256,127.351934,3
산내면,전북 남원시 산내면,35.378944,127.592613,3
산동면,전북 남원시 산동면,35.496765,127.472803,3
송동면,전북 남원시 송동면,35.357074,127.343583,3
수지면,전북 남원시 수지면,35.333849,127.375055,3
아영면,전북 남원시 아영면,35.510876,127.593911,3
왕정동,전북 남원시 왕정동,35.412277,127.356653,3
운봉읍,전북 남원시 운봉읍,35.430596,127.535360,3
이백면,전북 남원시 이백면,35.431017,127.459589,3
인월면,전북 남원시 인월면,35.465014,127.612960,3
주생면,전북 남원시 주생면,35.384640,127.304383,3
주천면,전북 남원시 주천면,35.380796,127.454323,3
죽항동,전북 남원시 죽항동,35.406940,127.384035,3
향교동,전북 남원시 향교동,35.439862,127.374590,3
무주읍,전북 무주군 무주읍,36.011555,127.655734,3
무풍면,전북 무주군 무풍면,35.932632,127.847534,3
부남면,전북 무주군 부남면,35.968950,127.569791,3
설천면,전북 무주군 설천면,35.954330,127.782416,3
안성면,전북 무주군 안성면,35.847099,127.678982,3
적상면,전북 무주군 적상면,35.934068,127.671895,3
계화면,전북 부안군 계화면,35.773070,126.671249,3
동진면,전북 부안군 동진면,35.755815,126.746774,3
백산면,전북 부안군 백산면,35.702165,126.792932,3
변산면,전북 부안군 변산면,35.642985,126.533529,3
보안면,전북 부안군 보안면,35.622972,126.667033,3
부안읍,전북 부안군 부안읍,35.708665,126.744989,3
상서면,전북 부안군 상서면,35.669013,126.645699,3
위도면,전북 부안군 위도면,35.604990,126.260454,3
주산면,전북 부안군 주산면,35.665218,126.708681,3
줄포면,전북 부안군 줄포면,35.592417,126.694369,3
진서면,전북 부안군 진서면,35.604813,126.571827,3
하서면,전북 부안군 하서면,35.713136,126.627309,3
행안면,전북 부안군 행안면,35.723263,126.705289,3
구림면,전북 순창군 구림면,35.463010,127.087086,3
금과면,전북 순창군 금과면,35.333557,127.084166,3
동계면,전북 순창군 동계면,35.456327,127.249362,3
복흥면,전북 순창군 복흥면,35.445326,126.936048,3
순창읍,전북 순창군 순창읍,35.370280,127.133533,3
쌍치면,전북 순창군 쌍치면,35.504892,126.992029,3
유등면,전북 순창군 유등면,35.374257,127.187576,3
인계면,전북 순창군 인계면,35.422768,127.158956,3
적성면,전북 순창군 적성면,35.423658,127.207918,3
팔덕면,전북 순창군 팔덕면,35.394402,127.085182,3
풍산면,전북 순창군 풍산면,35.332865,127.142457,3
경천면,전북 완주군 경천면,36.038771,127.275900,3
고산면,전북 완주군 고산면,35.971424,127.232862,3
구이면,전북 완주군 구이면,35.706457,127.119523,3
동상면,전북 완주군 동상면,35.939317,127.302717,3
봉동읍,전북 완주군 봉동읍,35.950181,127.137852,3
비봉면,전북 완주군 비봉면,36.011380,127.157747,3
삼례읍,전북 완주군 삼례읍,35.912892,127.084416,3
상관면,전북 완주군 상관면,35.760223,127.229703,3
소양면,전북 완주군 소양면,35.857622,127.255816,3
용진읍,전북 완주군 용진읍,35.897376,127.180188,3
운주면,전북 완주군 운주면,36.071534,127.315354,3
이서면,전북 완주군 이서면,35.825393,127.031810,3
화산면,전북 완주군 화산면,36.050685,127.198917,3
금마면,전북 익산시 금마면,36.007487,127.041454,3
남중동,전북 익산시 남중동,35.949503,126.956461,3
낭산면,전북 익산시 낭산면,36.060929,127.020665,3
동산동,전북 익산시 동산동,35.916282,126.973197,3
마동,전북 익산시 마동,35.940208,126.964258,3
망성면,전북 익산시 망성면,36.118911,127.026159,3
모현동,전북 익산시 모현동,35.953524,126.941973,3
삼기면,전북 익산시 삼기면,36.020490,126.993188,3
삼성동,전북 익산시 삼성동,35.978977,126.985686,3
성당면,전북 익산시 성당면,36.096141,126.929204,3
송학동,전북 익산시 송학동,35.939532,126.933706,3
신동,전북 익산시 신동,35.973132,126.942759,3
어양동,전북 익산시 어양동,35.957965,126.983354,3
여산면,전북 익산시 여산면,36.051394,127.090929,3
영등1동,전북 익산시 영등1동,35.952036,126.971503,3
영등2동,전북 익산시 영등2동,35.964491,126.973221,3
오산면,전북 익산시 오산면,35.937825,126.899835,3
왕궁면,전북 익산시 왕궁면,35.973279,127.083952,3
용동면,전북 익산시 용동면,36.107399,126.997080,3
용안면,전북 익산시 용안면,36.120502,126.955688,3
웅포면,전북 익산시 웅포면,36.093636,126.891655,3
인화동,전북 익산시 인화동,35.925604,126.950363,3
중앙동,전북 익산시 중앙동,35.939671,126.949208,3
춘포면,전북 익산시 춘포면,35.926522,127.023571,3
팔봉동,전북 익산시 팔봉동,35.960123,127.012765,3
평화동,전북 익산시 평화동,35.924726,126.930299,3
함라면,전북 익산시 함라면,36.039929,126.905042,3
함열읍,전북 익산시 함열읍,36.061353,126.964382,3
황등면,전북 익산시 황등면,36.017288,126.937989,3
강진면,전북 임실군 강진면,35.544969,127.141142,3
관촌면,전북 임실군 관촌면,35.695597,127.282158,3
덕치면,전북 임실군 덕치면,35.499449,127.170793,3
삼계면,전북 임실군 삼계면,35.508583,127.265740,3
성수면,전북 임실군 성수면,35.627158,127.360240,3
신덕면,전북 임실군 신덕면,35.691049,127.180222,3
신평면,전북 임실군 신평면,35.647508,127.232538,3
오수면,전북 임실군 오수면,35.541496,127.318786,3
운암면,전북 임실군 운암면,35.612499,127.151548,3
임실읍,전북 임실군 임실읍,35.593847,127.267405,3
지사면,전북 임실군 지사면,35.579245,127.353841,3
청웅면,전북 임실군 청웅면,35.565410,127.207891,3
계남면,전북 장수군 계남면,35.686945,127.579945,3
계북면,전북 장수군 계북면,35.789657,127.631092,3
번암면,전북 장수군 번암면,35.555303,127.543490,3
산서면,전북 장수군 산서면,35.582052,127.409183,3
장계면,전북 장수군 장계면,35.725502,127.618789,3
장수읍,전북 장수군 장수읍,35.624132,127.512386,3
천천면,전북 장수군 천천면,35.732713,127.522130,3
금암동,전북 전주시 덕진구 금암동,35.840801,127.137567,3
덕진동,전북 전주시 덕진구 덕진동,35.847342,127.125887,3
송천1동,전북 전주시 덕진구 송천1동,35.861907,127.130533,3
송천2동,전북 전주시 덕진구 송천2동,35.882250,127.112885,3
송천3동,전북 전주시 덕진구 송천3동,35.875079,127.129769,3
여의동,전북 전주시 덕진구 여의동,35.859488,127.074121,3
우아1동,전북 전주시 덕진구 우아1동,35.850190,127.160096,3
우아2동,전북 전주시 덕진구 우아2동,35.828965,127.192959,3
인후1동,전북 전주시 덕진구 인후1동,35.838101,127.155982,3
인후2동,전북 전주시 덕진구 인후2동,35.840640,127.147835,3
인후3동,전북 전주시 덕진구 인후3동,35.829484,127.163192,3
조촌동,전북 전주시 덕진구 조촌동,35.878284,127.038592,3
진북동,전북 전주시 덕진구 진북동,35.827705,127.134100,3
팔복동,전북 전주시 덕진구 팔복동,35.854570,127.097567,3
혁신동,전북 전주시 덕진구 혁신동,35.830830,127.061911,3
호성동,전북 전주시 덕진구 호성동,35.875889,127.147107,3
노송동,전북 전주시 완산구 노송동,35.823484,127.154625,3
동서학동,전북 전주시 완산구 동서학동,35.794929,127.183067,3
삼천1동,전북 전주시 완산구 삼천1동,35.800219,127.125668,3
삼천2동,전북 전주시 완산구 삼천2동,35.795525,127.122854,3
삼천3동,전북 전주시 완산구 삼천3동,35.771388,127.085620,3
서서학동,전북 전주시 완산구 서서학동,35.792837,127.153173,3
서신동,전북 전주시 완산구 서신동,35.832418,127.116193,3
완산동,전북 전주시 완산구 완산동,35.808710,127.140673,3
중앙동,전북 전주시 완산구 중앙동,35.820478,127.140417,3
중화산1동,전북 전주시 완산구 중화산1동,35.813939,127.130244,3
중화산2동,전북 전주시 완산구 중화산2동,35.819559,127.120340,3
평화1동,전북 전주시 완산구 평화1동,35.793269,127.143118,3
평화2동,전북 전주시 완산구 평화2동,35.772552,127.126283,3
풍남동,전북 전주시 완산구 풍남동,35.814413,127.157702,3
효자1동,전북 전주시 완산구 효자1동,35.804773,127.132347,3
효자2동,전북 전주시 완산구 효자2동,35.808079,127.119296,3
효자3동,전북 전주시 완산구 효자3동,35.805893,127.113433,3
효자4동,전북 전주시 완산구 효자4동,35.810771,127.086480,3
효자5동,전북 전주시 완산구 효자5동,35.826186,127.097162,3
감곡면,전북 정읍시 감곡면,35.716254,126.928536,3
고부면,전북 정읍시 고부면,35.605771,126.758467,3
내장상동,전북 정읍시 내장상동,35.519648,126.902252,3
농소동,전북 정읍시 농소동,35.597112,126.830849,3
덕천면,전북 정읍시 덕천면,35.630071,126.827694,3
북면,전북 정읍시 북면,35.596452,126.906129,3
산내면,전북 정읍시 산내면,35.552530,127.047678,3
산외면,전북 정읍시 산외면,35.625621,127.054519,3
상교동,전북 정읍시 상교동,35.519331,126.845854,3
소성면,전북 정읍시 소성면,35.559809,126.780863,3
수성동,전북 정읍시 수성동,35.586492,126.861489,3
시기동,전북 정읍시 시기동,35.564468,126.853389,3
신태인읍,전북 정읍시 신태인읍,35.701538,126.871635,3
연지동,전북 정읍시 연지동,35.572721,126.843263,3
영원면,전북 정읍시 영원면,35.651437,126.767153,3
옹동면,전북 정읍시 옹동면,35.649107,126.986455,3
이평면,전북 정읍시 이평면,35.666899,126.829429,3
입암면,전북 정읍시 입암면,35.503103,126.798640,3
장명동,전북 정읍시 장명동,35.570485,126.882457,3
정우면,전북 정읍시 정우면,35.646667,126.886061,3
초산동,전북 정읍시 초산동,35.555406,126.853931,3
칠보면,전북 정읍시 칠보면,35.578908,126.964711,3
태인면,전북 정읍시 태인면,35.656737,126.936453,3
동향면,전북 진안군 동향면,35.836486,127.574114,3
마령면,전북 진안군 마령면,35.746414,127.361400,3
백운면,전북 진안군 백운면,35.681111,127.427998,3
부귀면,전북 진안군 부귀면,35.838709,127.359995,3
상전면,전북 진안군 상전면,35.847771,127.497484,3
성수면,전북 진안군 성수면,35.721496,127.318744,3
안천면,전북 진안군 안천면,35.902182,127.546925,3
용담면,전북 진안군 용담면,35.951221,127.490165,3
정천면,전북 진안군 정천면,35.890698,127.437919,3
주천면,전북 진안군 주천면,35.967063,127.400091,3
진안읍,전북 진안군 진안읍,35.776665,127.444525,3
남원읍,제주 서귀포시 남원읍,33.327473,126.666414,3
대륜동,제주 서귀포시 대륜동,33.276023,126.522023,3
대정읍,제주 서귀포시 대정읍,33.254543,126.247450,3
대천동,제주 서귀포시 대천동,33.283836,126.491585,3
동홍동,제주 서귀포시 동홍동,33.293406,126.553990,3
서홍동,제주 서귀포시 서홍동,33.297817,126.537947,3
성산읍,제주 서귀포시 성산읍,33.418904,126.867201,3
송산동,제주 서귀포시 송산동,33.243222,126.591150,3
안덕면,제주 서귀포시 안덕면,33.292100,126.347604,3
영천동,제주 서귀포시 영천동,33.308242,126.573596,3
예래동,제주 서귀포시 예래동,33.275368,126.400474,3
정방동,제주 서귀포시 정방동,33.246461,126.565613,3
중문동,제주 서귀포시 중문동,33.298727,126.453723,3
중앙동,제주 서귀포시 중앙동,33.250694,126.564406,3
천지동,제주 서귀포시 천지동,33.244888,126.553445,3
표선면,제주 서귀포시 표선면,33.373565,126.769084,3
효돈동,제주 서귀포시 효돈동,33.260324,126.612059,3
건입동,제주 제주시 건입동,33.517467,126.541309,3
구좌읍,제주 제주시 구좌읍,33.499161,126.796036,3
노형동,제주 제주시 노형동,33.432203,126.476032,3
도두동,제주 제주시 도두동,33.502281,126.477783,3
봉개동,제주 제주시 봉개동,33.454452,126.611255,3
삼도1동,제주 제주시 삼도1동,33.502780,126.519469,3
삼도2동,제주 제주시 삼도2동,33.512998,126.521100,3
삼양동,제주 제주시 삼양동,33.514913,126.591460,3
아라동,제주 제주시 아라동,33.432906,126.556867,3
애월읍,제주 제주시 애월읍,33.410865,126.394018,3
연동,제주 제주시 연동,33.457818,126.495207,3
오라동,제주 제주시 오라동,33.437180,126.516399,3
외도동,제주 제주시 외도동,33.483026,126.440005,3
용담1동,제주 제주시 용담1동,33.508639,126.514659,3
용담2동,제주 제주시 용담2동,33.509987,126.499056,3
우도면,제주 제주시 우도면,33.505913,126.956333,3
이도1동,제주 제주시 이도1동,33.505593,126.527571,3
이도2동,제주 제주시 이도2동,33.491271,126.532692,3
이호동,제주 제주시 이호동,33.494958,126.458293,3
일도1동,제주 제주시 일도1동,33.513058,126.527687,3
일도2동,제주 제주시 일도2동,33.506526,126.541072,3
조천읍,제주 제주시 조천읍,33.472716,126.667207,3
추자면,제주 제주시 추자면,33.957192,126.319071,3
한경면,제주 제주시 한경면,33.323146,126.218214,3
한림읍,제주 제주시 한림읍,33.376334,126.283787,3
화북동,제주 제주시 화북동,33.508479,126.564124,3
금암동,충남 계룡시 금암동,36.271845,127.251091,3
두마면,충남 계룡시 두마면,36.252828,127.260612,3
신도안면,충남 계룡시 신도안면,36.320861,127.229277,3
엄사면,충남 계룡시 엄사면,36.276871,127.221161,3
계룡면,충남 공주시 계룡면,36.368009,127.157763,3
금학동,충남 공주시 금학동,36.424064,127.100543,3
반포면,충남 공주시 반포면,36.383760,127.238754,3
사곡면,충남 공주시 사곡면,36.538631,127.033723,3
신관동,충남 공주시 신관동,36.478798,127.124286,3
신풍면,충남 공주시 신풍면,36.506200,126.946116,3
옥룡동,충남 공주시 옥룡동,36.436469,127.160930,3
우성면,충남 공주시 우성면,36.474599,127.058313,3
웅진동,충남 공주시 웅진동,36.459138,127.112159,3
월송동,충남 공주시 월송동,36.471209,127.172162,3
유구읍,충남 공주시 유구읍,36.596597,126.968440,3
의당면,충남 공주시 의당면,36.544028,127.159342,3
이인면,충남 공주시 이인면,36.374454,127.070126,3
정안면,충남 공주시 정안면,36.599351,127.098097,3
중학동,충남 공주시 중학동,36.450080,127.121602,3
탄천면,충남 공주시 탄천면,36.326365,127.029374,3
군북면,충남 금산군 군북면,36.181766,127.542435,3
금산읍,충남 금산군 금산읍,36.095595,127.471564,3
금성면,충남 금산군 금성면,36.136278,127.466114,3
남이면,충남 금산군 남이면,36.049477,127.430761,3
남일면,충남 금산군 남일면,36.028604,127.508373,3
복수면,충남 금산군 복수면,36.201015,127.397277,3
부리면,충남 금산군 부리면,36.059343,127.578747,3
제원면,충남 금산군 제원면,36.129016,127.565469,3
진산면,충남 금산군 진산면,36.140872,127.375095,3
추부면,충남 금산군 추부면,36.204719,127.491646,3
가야곡면,충남 논산시 가야곡면,36.140941,127.168584,3
강경읍,충남 논산시 강경읍,36.152064,127.018608,3
광석면,충남 논산시 광석면,36.242182,127.083431,3
노성면,충남 논산시 노성면,36.288174,127.106516,3
벌곡면,충남 논산시 벌곡면,36.188676,127.286982,3
부적면,충남 논산시 부적면,36.206810,127.143864,3
부창동,충남 논산시 부창동,36.191510,127.077223,3
상월면,충남 논산시 상월면,36.291863,127.164188,3
성동면,충남 논산시 성동면,36.199914,127.028016,3
양촌면,충남 논산시 양촌면,36.138681,127.234150,3
연무읍,충남 논산시 연무읍,36.109807,127.103340,3
연산면,충남 논산시 연산면,36.229714,127.199164,3
은진면,충남 논산시 은진면,36.163812,127.111882,3
채운면,충남 논산시 채운면,36.160959,127.054565,3
취암동,충남 논산시 취암동,36.196500,127.103814,3
고대면,충남 당진시 고대면,36.942805,126.577637,3
당진1동,충남 당진시 당진1동,36.892699,126.645701,3
당진2동,충남 당진시 당진2동,36.862449,126.624653,3
당진3동,충남 당진시 당진3동,36.905274,126.655662,3
대호지면,충남 당진시 대호지면,36.914446,126.515154,3
면천면,충남 당진시 면천면,36.814926,126.660312,3
석문면,충남 당진시 석문면,37.010799,126.535570,3
송산면,충남 당진시 송산면,36.957570,126.674735,3
송악읍,충남 당진시 송악읍,36.926664,126.739633,3
순성면,충남 당진시 순성면,36.844956,126.708310,3
신평면,충남 당진시 신평면,36.885398,126.783249,3
우강면,충남 당진시 우강면,36.830516,126.809374,3
정미면,충남 당진시 정미면,36.858932,126.565432,3
합덕읍,충남 당진시 합덕읍,36.792841,126.774405,3
남포면,충남 보령시 남포면,36.296091,126.578408,3
대천1동,충남 보령시 대천1동,36.364109,126.605911,3
대천2동,충남 보령시 대천2동,36.356050,126.575408,3
대천3동,충남 보령시 대천3동,36.356067,126.621879,3
대천4동,충남 보령시 대천4동,36.334263,126.614617,3
대천5동,충남 보령시 대천5동,36.326907,126.547816,3
미산면,충남 보령시 미산면,36.242925,126.682509,3
성주면,충남 보령시 성주면,36.329360,126.660802,3
오천면,충남 보령시 오천면,36.385524,126.436947,3
웅천읍,충남 보령시 웅천읍,36.241762,126.588000,3
주교면,충남 보령시 주교면,36.381091,126.553989,3
주산면,충남 보령시 주산면,36.202663,126.620638,3
주포면,충남 보령시 주포면,36.410616,126.580194,3
천북면,충남 보령시 천북면,36.482629,126.527080,3
청라면,충남 보령시 청라면,36.403578,126.659158,3
청소면,충남 보령시 청소면,36.451790,126.604631,3
구룡면,충남 부여군 구룡면,36.252748,126.816999,3
규암면,충남 부여군 규암면,36.285629,126.875455,3
남면,충남 부여군 남면,36.212836,126.807002,3
내산면,충남 부여군 내산면,36.279864,126.762348,3
부여읍,충남 부여군 부여읍,36.286255,126.947119,3
석성면,충남 부여군 석성면,36.236377,126.994628,3
세도면,충남 부여군 세도면,36.179984,126.958283,3
양화면,충남 부여군 양화면,36.117497,126.855447,3
옥산면,충남 부여군 옥산면,36.199191,126.729691,3
외산면,충남 부여군 외산면,36.322428,126.721208,3
은산면,충남 부여군 은산면,36.328033,126.817498,3
임천면,충남 부여군 임천면,36.174182,126.889689,3
장암면,충남 부여군 장암면,36.226276,126.901738,3
초촌면,충남 부여군 초촌면,36.270424,127.023889,3
충화면,충남 부여군 충화면,36.173346,126.826160,3
홍산면,충남 부여군 홍산면,36.229683,126.761412,3
고북면,충남 서산시 고북면,36.669993,126.517059,3
대산읍,충남 서산시 대산읍,36.966538,126.412215,3
동문1동,충남 서산시 동문1동,36.791935,126.471096,3
동문2동,충남 서산시 동문2동,36.780028,126.461244,3
부석면,충남 서산시 부석면,36.683527,126.393186,3
부춘동,충남 서산시 부춘동,36.793014,126.434739,3
석남동,충남 서산시 석남동,36.744402,126.462515,3
성연면,충남 서산시 성연면,36.832081,126.456866,3
수석동,충남 서산시 수석동,36.768825,126.483414,3
운산면,충남 서산시 운산면,36.778348,126.593126,3
음암면,충남 서산시 음암면,36.796138,126.516448,3
인지면,충남 서산시 인지면,36.748347,126.417800,3
지곡면,충남 서산시 지곡면,36.876530,126.428648,3
팔봉면,충남 서산시 팔봉면,36.821877,126.363900,3
해미면,충남 서산시 해미면,36.715012,126.542796,3
기산면,충남 서천군 기산면,36.078549,126.759747,3
마산면,충남 서천군 마산면,36.136791,126.790428,3
마서면,충남 서천군 마서면,36.049083,126.691461,3
문산면,충남 서천군 문산면,36.151067,126.738148,3
비인면,충남 서천군 비인면,36.141259,126.613137,3
서면,충남 서천군 서면,36.162940,126.549781,3
서천읍,충남 서천군 서천읍,36.085254,126.701587,3
시초면,충남 서천군 시초면,36.117510,126.753699,3
장항읍,충남 서천군 장항읍,36.019693,126.687346,3
종천면,충남 서천군 종천면,36.110417,126.660612,3
판교면,충남 서천군 판교면,36.154428,126.680270,3
한산면,충남 서천군 한산면,36.087332,126.825834,3
화양면,충남 서천군 화양면,36.051086,126.788776,3
도고면,충남 아산시 도고면,36.740992,126.903678,3
둔포면,충남 아산시 둔포면,36.910799,127.038738,3
배방읍,충남 아산시 배방읍,36.753899,127.068861,3
선장면,충남 아산시 선장면,36.792623,126.868561,3
송악면,충남 아산시 송악면,36.703456,126.994240,3
신창면,충남 아산시 신창면,36.789967,126.933993,3
염치읍,충남 아산시 염치읍,36.822379,126.980013,3
영인면,충남 아산시 영인면,36.885650,126.963352,3
온양1동,충남 아산시 온양1동,36.788401,127.000602,3
온양2동,충남 아산시 온양2동,36.779549,127.000740,3
온양3동,충남 아산시 온양3동,36.787675,127.021716,3
온양4동,충남 아산시 온양4동,36.782490,126.978145,3
온양5동,충남 아산시 온양5동,36.754327,126.983863,3
온양6동,충남 아산시 온양6동,36.758616,127.017311,3
음봉면,충남 아산시 음봉면,36.857980,127.047906,3
인주면,충남 아산시 인주면,36.860331,126.887960,3
탕정면,충남 아산시 탕정면,36.808658,127.068612,3
고덕면,충남 예산군 고덕면,36.756022,126.723809,3
광시면,충남 예산군 광시면,36.563733,126.793467,3
대술면,충남 예산군 대술면,36.666490,126.917771,3
대흥면,충남 예산군 대흥면,36.632804,126.821364,3
덕산면,충남 예산군 덕산면,36.678243,126.627040,3
봉산면,충남 예산군 봉산면,36.744325,126.667829,3
삽교읍,충남 예산군 삽교읍,36.691509,126.715251,3
신암면,충남 예산군 신암면,36.744639,126.806042,3
신양면,충남 예산군 신양면,36.602538,126.879805,3
예산읍,충남 예산군 예산읍,36.703509,126.854880,3
오가면,충남 예산군 오가면,36.692616,126.790682,3
응봉면,충남 예산군 응봉면,36.645774,126.775478,3
광덕면,충남 천안시 동남구 광덕면,36.676815,127.092610,3
동면,충남 천안시 동남구 동면,36.781175,127.367192,3
목천읍,충남 천안시 동남구 목천읍,36.788508,127.212640,3
문성동,충남 천안시 동남구 문성동,36.812787,127.152106,3
병천면,충남 천안시 동남구 병천면,36.796107,127.312970,3
봉명동,충남 천안시 동남구 봉명동,36.809232,127.134158,3
북면,충남 천안시 동남구 북면,36.834893,127.271823,3
성남면,충남 천안시 동남구 성남면,36.732203,127.236584,3
수신면,충남 천안시 동남구 수신면,36.725258,127.285915,3
신방동,충남 천안시 동남구 신방동,36.778534,127.128227,3
신안동,충남 천안시 동남구 신안동,36.833503,127.180264,3
원성1동,충남 천안시 동남구 원성1동,36.815056,127.182593,3
원성2동,충남 천안시 동남구 원성2동,36.802480,127.158654,3
일봉동,충남 천안시 동남구 일봉동,36.793123,127.141337,3
중앙동,충남 천안시 동남구 중앙동,36.803436,127.149509,3
청룡동,충남 천안시 동남구 청룡동,36.780598,127.161742,3
풍세면,충남 천안시 동남구 풍세면,36.737739,127.122961,3
백석동,충남 천안시 서북구 백석동,36.827864,127.116363,3
부성1동,충남 천안시 서북구 부성1동,36.849478,127.149108,3
부성2동,충남 천안시 서북구 부성2동,36.843528,127.122095,3
불당1동,충남 천안시 서북구 불당1동,36.805807,127.109498,3
불당2동,충남 천안시 서북구 불당2동,36.812638,127.103419,3
성거읍,충남 천안시 서북구 성거읍,36.873828,127.195150,3
성정1동,충남 천안시 서북구 성정1동,36.813476,127.141637,3
성정2동,충남 천안시 서북구 성정2동,36.824116,127.140025,3
성환읍,충남 천안시 서북구 성환읍,36.932043,127.128109,3
쌍용1동,충남 천안시 서북구 쌍용1동,36.801476,127.130158,3
쌍용2동,충남 천안시 서북구 쌍용2동,36.794198,127.118399,3
쌍용3동,충남 천안시 서북구 쌍용3동,36.807951,127.122537,3
입장면,충남 천안시 서북구 입장면,36.910442,127.225837,3
직산읍,충남 천안시 서북구 직산읍,36.885403,127.138103,3
남양면,충남 청양군 남양면,36.391459,126.770188,3
대치면,충남 청양군 대치면,36.445984,126.859148,3
목면,충남 청양군 목면,36.413043,126.994032,3
비봉면,충남 청양군 비봉면,36.498745,126.781879,3
운곡면,충남 청양군 운곡면,36.527417,126.853990,3
장평면,충남 청양군 장평면,36.365629,126.883892,3
정산면,충남 청양군 정산면,36.423892,126.937181,3
청남면,충남 청양군 청남면,36.348957,126.947970,3
청양읍,충남 청양군 청양읍,36.448825,126.790100,3
화성면,충남 청양군 화성면,36.443032,126.715490,3
고남면,충남 태안군 고남면,36.433458,126.397867,3
근흥면,충남 태안군 근흥면,36.711470,126.190758,3
남면,충남 태안군 남면,36.650426,126.305636,3
소원면,충남 태안군 소원면,36.778408,126.175961,3
안면읍,충남 태안군 안면읍,36.524582,126.361836,3
원북면,충남 태안군 원북면,36.838829,126.232368,3
이원면,충남 태안군 이원면,36.891603,126.290050,3
태안읍,충남 태안군 태안읍,36.756324,126.311440,3
갈산면,충남 홍성군 갈산면,36.619524,126.543719,3
결성면,충남 홍성군 결성면,36.548491,126.547823,3
광천읍,충남 홍성군 광천읍,36.508449,126.638545,3
구항면,충남 홍성군 구항면,36.574026,126.618763,3
금마면,충남 홍성군 금마면,36.608062,126.730213,3
서부면,충남 홍성군 서부면,36.568299,126.491312,3
은하면,충남 홍성군 은하면,36.530393,126.587883,3
장곡면,충남 홍성군 장곡면,36.502581,126.708696,3
홍동면,충남 홍성군 홍동면,36.556657,126.704430,3
홍북읍,충남 홍성군 홍북읍,36.641310,126.685355,3
홍성읍,충남 홍성군 홍성읍,36.592951,126.662502,3
감물면,충북 괴산군 감물면,36.839066,127.882695,3
괴산읍,충북 괴산군 괴산읍,36.826647,127.805205,3
문광면,충북 괴산군 문광면,36.771619,127.774097,3
불정면,충북 괴산군 불정면,36.892577,127.823556,3
사리면,충북 괴산군 사리면,36.815413,127.681706,3
소수면,충북 괴산군 소수면,36.848962,127.727329,3
연풍면,충북 괴산군 연풍면,36.766711,128.002816,3
장연면,충북 괴산군 장연면,36.835301,127.934821,3
청안면,충북 괴산군 청안면,36.749095,127.682176,3
청천면,충북 괴산군 청천면,36.673479,127.815533,3
칠성면,충북 괴산군 칠성면,36.753220,127.882629,3
가곡면,충북 단양군 가곡면,37.014286,128.431838,3
단성면,충북 단양군 단성면,36.897464,128.290268,3
단양읍,충북 단양군 단양읍,36.960634,128.391176,3
대강면,충북 단양군 대강면,36.867809,128.380135,3
매포읍,충북 단양군 매포읍,37.046576,128.301640,3
어상천면,충북 단양군 어상천면,37.097018,128.347019,3
영춘면,충북 단양군 영춘면,37.068189,128.499922,3
적성면,충북 단양군 적성면,36.994995,128.276323,3
내북면,충북 보은군 내북면,36.554505,127.658601,3
마로면,충북 보은군 마로면,36.417456,127.838088,3
보은읍,충북 보은군 보은읍,36.499136,127.723173,3
산외면,충북 보은군 산외면,36.571552,127.747162,3
삼승면,충북 보은군 삼승면,36.417356,127.735018,3
속리산면,충북 보은군 속리산면,36.524895,127.833904,3
수한면,충북 보은군 수한면,36.460673,127.668347,3
장안면,충북 보은군 장안면,36.477804,127.800081,3
탄부면,충북 보은군 탄부면,36.437213,127.778484,3
회남면,충북 보은군 회남면,36.433493,127.574308,3
회인면,충북 보은군 회인면,36.500583,127.602533,3
매곡면,충북 영동군 매곡면,36.166695,127.952965,3
상촌면,충북 영동군 상촌면,36.099900,127.895453,3
심천면,충북 영동군 심천면,36.214947,127.709498,3
양강면,충북 영동군 양강면,36.122732,127.761122,3
양산면,충북 영동군 양산면,36.146217,127.642171,3
영동읍,충북 영동군 영동읍,36.177001,127.811001,3
용산면,충북 영동군 용산면,36.262985,127.804710,3
용화면,충북 영동군 용화면,36.047077,127.777224,3
추풍령면,충북 영동군 추풍령면,36.228964,127.997848,3
학산면,충북 영동군 학산면,36.086455,127.688236,3
황간면,충북 영동군 황간면,36.235937,127.896662,3
군북면,충북 옥천군 군북면,36.356653,127.559523,3
군서면,충북 옥천군 군서면,36.273091,127.525153,3
동이면,충북 옥천군 동이면,36.295071,127.646161,3
안남면,충북 옥천군 안남면,36.354885,127.680898,3
안내면,충북 옥천군 안내면,36.399315,127.649008,3
옥천읍,충북 옥천군 옥천읍,36.301130,127.583378,3
이원면,충북 옥천군 이원면,36.227955,127.632096,3
청산면,충북 옥천군 청산면,36.345444,127.815583,3
청성면,충북 옥천군 청성면,36.324320,127.733099,3
감곡면,충북 음성군 감곡면,37.096719,127.662818,3
금왕읍,충북 음성군 금왕읍,36.988094,127.573363,3
대소읍,충북 음성군 대소읍,36.961031,127.491260,3
맹동면,충북 음성군 맹동면,36.918554,127.558607,3
삼성면,충북 음성군 삼성면,37.019065,127.493768,3
생극면,충북 음성군 생극면,37.035682,127.612156,3
소이면,충북 음성군 소이면,36.912893,127.752108,3
원남면,충북 음성군 원남면,36.881354,127.647558,3
음성읍,충북 음성군 음성읍,36.941786,127.654986,3
교동,충북 제천시 교동,37.147521,128.227934,3
금성면,충북 제천시 금성면,37.062869,128.183403,3
남현동,충북 제천시 남현동,37.132947,128.218331,3
덕산면,충북 제천시 덕산면,36.875703,128.165035,3
백운면,충북 제천시 백운면,37.180728,127.995829,3
봉양읍,충북 제천시 봉양읍,37.147791,128.115366,3
송학면,충북 제천시 송학면,37.202212,128.244466,3
수산면,충북 제천시 수산면,36.948822,128.208648,3
신백동,충북 제천시 신백동,37.119167,128.262300,3
영서동,충북 제천시 영서동,37.127772,128.178073,3
용두동,충북 제천시 용두동,37.158495,128.184520,3
의림지동,충북 제천시 의림지동,37.173891,128.215251,3
중앙동,충북 제천시 중앙동,37.139751,128.209198,3
청전동,충북 제천시 청전동,37.150480,128.209754,3
청풍면,충북 제천시 청풍면,37.009594,128.144940,3
한수면,충북 제천시 한수면,36.903371,128.087901,3
화산동,충북 제천시 화산동,37.109770,128.201265,3
도안면,충북 증평군 도안면,36.827318,127.606147,3
증평읍,충북 증평군 증평읍,36.767029,127.603759,3
광혜원면,충북 진천군 광혜원면,36.976614,127.423731,3
덕산읍,충북 진천군 덕산읍,36.898785,127.506779,3
문백면,충북 진천군 문백면,36.799871,127.451157,3
백곡면,충북 진천군 백곡면,36.899751,127.351154,3
이월면,충북 진천군 이월면,36.919137,127.432920,3
진천읍,충북 진천군 진천읍,36.847849,127.412692,3
초평면,충북 진천군 초평면,36.829850,127.531055,3
가덕면,충북 청주시 상당구 가덕면,36.563059,127.562672,3
금천동,충북 청주시 상당구 금천동,36.626417,127.506008,3
남일면,충북 청주시 상당구 남일면,36.574800,127.520210,3
낭성면,충북 청주시 상당구 낭성면,36.630134,127.597324,3
문의면,충북 청주시 상당구 문의면,36.491242,127.511200,3
미원면,충북 청주시 상당구 미원면,36.653489,127.676877,3
성안동,충북 청주시 상당구 성안동,36.631078,127.489122,3
영운동,충북 청주시 상당구 영운동,36.619073,127.500333,3
용담·명암·산성동,충북 청주시 상당구 용담·명암·산성동,36.651326,127.526504,3
용암1동,충북 청주시 상당구 용암1동,36.627133,127.523296,3
용암2동,충북 청주시 상당구 용암2동,36.615254,127.531580,3
중앙동,충북 청주시 상당구 중앙동,36.642451,127.493697,3
탑·대성동,충북 청주시 상당구 탑·대성동,36.631531,127.497979,3
남이면,충북 청주시 서원구 남이면,36.566597,127.428520,3
모충동,충북 청주시 서원구 모충동,36.625069,127.480823,3
분평동,충북 청주시 서원구 분평동,36.596601,127.487286,3
사직1동,충북 청주시 서원구 사직1동,36.640001,127.476630,3
사직2동,충북 청주시 서원구 사직2동,36.632447,127.474812,3
사창동,충북 청주시 서원구 사창동,36.634672,127.462691,3
산남동,충북 청주시 서원구 산남동,36.608683,127.469430,3
성화·개신·죽림동,충북 청주시 서원구 성화·개신·죽림동,36.614842,127.452027,3
수곡1동,충북 청주시 서원구 수곡1동,36.617046,127.486029,3
수곡2동,충북 청주시 서원구 수곡2동,36.618871,127.473616,3
현도면,충북 청주시 서원구 현도면,36.489446,127.434542,3
내덕1동,충북 청주시 청원구 내덕1동,36.658771,127.481501,3
내덕2동,충북 청주시 청원구 내덕2동,36.658259,127.494762,3
내수읍,충북 청주시 청원구 내수읍,36.702801,127.547092,3
북이면,충북 청주시 청원구 북이면,36.746225,127.547953,3
오근장동,충북 청주시 청원구 오근장동,36.692448,127.479268,3
오창읍,충북 청주시 청원구 오창읍,36.733236,127.421314,3
우암동,충북 청주시 청원구 우암동,36.650386,127.489123,3
율량·사천동,충북 청주시 청원구 율량·사천동,36.666245,127.497327,3
가경동,충북 청주시 흥덕구 가경동,36.620139,127.434034,3
강내면,충북 청주시 흥덕구 강내면,36.598754,127.360452,3
강서1동,충북 청주시 흥덕구 강서1동,36.622644,127.399496,3
강서2동,충북 청주시 흥덕구 강서2동,36.666478,127.428970,3
복대1동,충북 청주시 흥덕구 복대1동,36.637596,127.434919,3
복대2동,충북 청주시 흥덕구 복대2동,36.629903,127.445805,3
봉명1동,충북 청주시 흥덕구 봉명1동,36.640438,127.460245,3
봉명2·송정동,충북 청주시 흥덕구 봉명2·송정동,36.648604,127.450575,3
오송읍,충북 청주시 흥덕구 오송읍,36.628116,127.320326,3
옥산면,충북 청주시 흥덕구 옥산면,36.686975,127.355948,3
운천·신봉동,충북 청주시 흥덕구 운천·신봉동,36.652375,127.470834,3
교현2동,충북 충주시 교현2동,36.979439,127.929242,3
교현·안림동,충북 충주시 교현·안림동,36.976683,127.980500,3
금가면,충북 충주시 금가면,37.031695,127.895457,3
노은면,충북 충주시 노은면,37.052101,127.750127,3
달천동,충북 충주시 달천동,36.943686,127.899999,3
대소원면,충북 충주시 대소원면,36.949012,127.852205,3
동량면,충북 충주시 동량면,37.015164,128.020952,3
목행·용탄동,충북 충주시 목행·용탄동,37.009121,127.944971,3
문화동,충북 충주시 문화동,36.969219,127.922872,3
봉방동,충북 충주시 봉방동,36.975639,127.906256,3
산척면,충북 충주시 산척면,37.083877,128.004674,3
살미면,충북 충주시 살미면,36.912507,127.995551,3
성내·충인동,충북 충주시 성내·충인동,36.971390,127.933465,3
소태면,충북 충주시 소태면,37.122880,127.854405,3
수안보면,충북 충주시 수안보면,36.844121,128.026806,3
신니면,충북 충주시 신니면,36.999330,127.710218,3
앙성면,충북 충주시 앙성면,37.122354,127.755489,3
엄정면,충북 충주시 엄정면,37.118278,127.925442,3
연수동,충북 충주시 연수동,36.990533,127.945072,3
용산동,충북 충주시 용산동,36.960881,127.944588,3
주덕읍,충북 충주시 주덕읍,36.986470,127.783125,3
중앙탑면,충북 충주시 중앙탑면,37.037099,127.851213,3
지현동,충북 충주시 지현동,36.963020,127.932025,3
칠금·금릉동,충북 충주시 칠금·금릉동,36.989981,127.913371,3
호암·직동,충북 충주시 호암·직동,36.946950,127.949921,3
